run_id,experiment_id,status,artifact_uri,start_time,end_time,metrics.sparse_categorical_accuracy,metrics.sparse_top_k_categorical_accuracy,metrics.running_time,metrics.parameters,metrics.loss,metrics.power_draw,metrics.time_total,params.software,params.n_samples,params.batch_size,params.datadir,params.task,params.seconds,params.nogpu,params.architecture,params.dataset,params.model,tags.mlflow.source.type,tags.mlflow.gitRepoURL,tags.mlflow.user,tags.mlflow.project.env,tags.mlflow.project.backend,tags.mlflow.source.git.commit,tags.mlflow.runName,tags.mlflow.source.git.repoURL,tags.mlflow.project.entryPoint,tags.mlflow.source.name
9ed336e57e78462c9fb9cde364ba0a6d,422148156924771234,FINISHED,file:///home/fischer/repos/mlprops/mlruns/422148156924771234/9ed336e57e78462c9fb9cde364ba0a6d/artifacts,2024-10-23 11:24:52.831000+00:00,2024-10-23 11:27:05.109000+00:00,0.6325358748435974,0.836911678314209,0.002161817216390762,2554968.0,1.6701171398162842,0.4841425090911716,121.63248386300984,Tensorflow 2.17.0,56264.0,4,/data/d1/fischer_diss/imagenet,Inference,120,1,13th Gen Intel(R) Core(TM) i9-13900K,ImageNet (ILSVRC 2012),MobileNetV3Small,PROJECT,https://github.com/raphischer/mlprops.git,fischer,conda,local,a0822d66e4fec0d0de375a547481817c78d9028b,colorful-penguin-795,https://github.com/raphischer/mlprops.git,main.py,file:///home/fischer/repos/mlprops#experiments/imagenet
5b214a5b5d034e2eab50faed4888cd40,422148156924771234,FINISHED,file:///home/fischer/repos/mlprops/mlruns/422148156924771234/5b214a5b5d034e2eab50faed4888cd40/artifacts,2024-10-23 11:22:33.970000+00:00,2024-10-23 11:24:51.394000+00:00,0.6323550939559937,0.8374788761138916,0.0004708285352252163,2554968.0,1.6684008836746216,0.11611930667440432,126.93913972500012,Tensorflow 2.17.0,269608.0,4,/data/d1/fischer_diss/imagenet,Inference,120,0,NVIDIA GeForce RTX 4090,ImageNet (ILSVRC 2012),MobileNetV3Small,PROJECT,https://github.com/raphischer/mlprops.git,fischer,conda,local,a0822d66e4fec0d0de375a547481817c78d9028b,indecisive-trout-299,https://github.com/raphischer/mlprops.git,main.py,file:///home/fischer/repos/mlprops#experiments/imagenet
992cdb28a63b4bf982d9e786953bc0d6,422148156924771234,FINISHED,file:///home/fischer/repos/mlprops/mlruns/422148156924771234/992cdb28a63b4bf982d9e786953bc0d6/artifacts,2024-10-23 11:20:16.912000+00:00,2024-10-23 11:22:30.771000+00:00,0.713055431842804,0.8936265707015991,0.0034218464880781292,5507432.0,1.2785000801086426,0.7896973376397239,121.98198360700916,Tensorflow 2.17.0,35648.0,4,/data/d1/fischer_diss/imagenet,Inference,120,1,13th Gen Intel(R) Core(TM) i9-13900K,ImageNet (ILSVRC 2012),MobileNetV3Large,PROJECT,https://github.com/raphischer/mlprops.git,fischer,conda,local,a0822d66e4fec0d0de375a547481817c78d9028b,likeable-quail-133,https://github.com/raphischer/mlprops.git,main.py,file:///home/fischer/repos/mlprops#experiments/imagenet
af8a474166014f079056e3913cbc8297,422148156924771234,FINISHED,file:///home/fischer/repos/mlprops/mlruns/422148156924771234/af8a474166014f079056e3913cbc8297/artifacts,2024-10-23 11:18:20.455000+00:00,2024-10-23 11:20:15.484000+00:00,0.710209846496582,0.8928958773612976,0.0005315038915050407,5507432.0,1.2825535535812378,0.1406422631823236,103.94940508498983,Tensorflow 2.17.0,195576.0,4,/data/d1/fischer_diss/imagenet,Inference,120,0,NVIDIA GeForce RTX 4090,ImageNet (ILSVRC 2012),MobileNetV3Large,PROJECT,https://github.com/raphischer/mlprops.git,fischer,conda,local,a0822d66e4fec0d0de375a547481817c78d9028b,nebulous-roo-236,https://github.com/raphischer/mlprops.git,main.py,file:///home/fischer/repos/mlprops#experiments/imagenet
cdb5533861874ae8ad57f7a4c8a0b835,422148156924771234,FINISHED,file:///home/fischer/repos/mlprops/mlruns/422148156924771234/cdb5533861874ae8ad57f7a4c8a0b835/artifacts,2024-10-23 11:15:56.442000+00:00,2024-10-23 11:18:17.192000+00:00,0.7805744409561157,0.9346818923950195,0.01829746884481151,22910480.0,0.975929856300354,4.7544565392401354,118.49440823899933,Tensorflow 2.17.0,6476.0,4,/data/d1/fischer_diss/imagenet,Inference,120,1,13th Gen Intel(R) Core(TM) i9-13900K,ImageNet (ILSVRC 2012),Xception,PROJECT,https://github.com/raphischer/mlprops.git,fischer,conda,local,a0822d66e4fec0d0de375a547481817c78d9028b,trusting-asp-517,https://github.com/raphischer/mlprops.git,main.py,file:///home/fischer/repos/mlprops#experiments/imagenet
407ed05ae88e435da2ab9c5a2e563b47,422148156924771234,FINISHED,file:///home/fischer/repos/mlprops/mlruns/422148156924771234/407ed05ae88e435da2ab9c5a2e563b47/artifacts,2024-10-23 11:13:45.556000+00:00,2024-10-23 11:15:55.019000+00:00,0.7770876288414001,0.9353441596031189,0.0008986312360669331,22910480.0,0.9759597182273865,0.3871574309026214,116.60998371698952,Tensorflow 2.17.0,129764.0,4,/data/d1/fischer_diss/imagenet,Inference,120,0,NVIDIA GeForce RTX 4090,ImageNet (ILSVRC 2012),Xception,PROJECT,https://github.com/raphischer/mlprops.git,fischer,conda,local,a0822d66e4fec0d0de375a547481817c78d9028b,bold-elk-194,https://github.com/raphischer/mlprops.git,main.py,file:///home/fischer/repos/mlprops#experiments/imagenet
1f16567ab1c8415c962177bbd538c94a,422148156924771234,FINISHED,file:///home/fischer/repos/mlprops/mlruns/422148156924771234/1f16567ab1c8415c962177bbd538c94a/artifacts,2024-10-23 11:11:17.623000+00:00,2024-10-23 11:13:42.413000+00:00,0.6767899990081787,0.8710780143737793,0.023777407304906795,60380648.0,1.7475558519363403,6.190859678827772,118.22126911999658,Tensorflow 2.17.0,4972.0,4,/data/d1/fischer_diss/imagenet,Inference,120,1,13th Gen Intel(R) Core(TM) i9-13900K,ImageNet (ILSVRC 2012),ResNet152V2,PROJECT,https://github.com/raphischer/mlprops.git,fischer,conda,local,a0822d66e4fec0d0de375a547481817c78d9028b,stately-mare-340,https://github.com/raphischer/mlprops.git,main.py,file:///home/fischer/repos/mlprops#experiments/imagenet
22ca11d203ed4ece8e69f4fb314de0cc,422148156924771234,FINISHED,file:///home/fischer/repos/mlprops/mlruns/422148156924771234/22ca11d203ed4ece8e69f4fb314de0cc/artifacts,2024-10-23 11:08:56.552000+00:00,2024-10-23 11:11:16.234000+00:00,0.6788015365600586,0.8718661069869995,0.0014156952621387688,60380648.0,1.7346186637878418,0.5004726853367221,121.29110727900115,Tensorflow 2.17.0,85676.0,4,/data/d1/fischer_diss/imagenet,Inference,120,0,NVIDIA GeForce RTX 4090,ImageNet (ILSVRC 2012),ResNet152V2,PROJECT,https://github.com/raphischer/mlprops.git,fischer,conda,local,a0822d66e4fec0d0de375a547481817c78d9028b,rumbling-owl-495,https://github.com/raphischer/mlprops.git,main.py,file:///home/fischer/repos/mlprops#experiments/imagenet
8657d5015e33403781f8b7bbcc63f676,422148156924771234,RUNNING,file:///home/fischer/repos/mlprops/mlruns/422148156924771234/8657d5015e33403781f8b7bbcc63f676/artifacts,2024-10-23 11:07:07.980000+00:00,,,,,,,,,,,,/data/d1/fischer_diss/imagenet,,120,0,,,ResNet152V2,PROJECT,https://github.com/raphischer/mlprops.git,fischer,conda,,a0822d66e4fec0d0de375a547481817c78d9028b,bouncy-colt-13,https://github.com/raphischer/mlprops.git,main.py,file:///home/fischer/repos/mlprops#experiments/imagenet
dc2af427b8f041268901090b2c836b54,422148156924771234,FAILED,file:///home/fischer/repos/mlprops/mlruns/422148156924771234/dc2af427b8f041268901090b2c836b54/artifacts,2024-10-23 11:07:00.922000+00:00,2024-10-23 11:07:06.893000+00:00,,,,,,,,,,,/data/d1/fischer_diss/imagenet,,120,0,,,ResNet152V2,PROJECT,https://github.com/raphischer/mlprops.git,fischer,conda,local,a0822d66e4fec0d0de375a547481817c78d9028b,unequaled-horse-619,https://github.com/raphischer/mlprops.git,main.py,file:///home/fischer/repos/mlprops#experiments/imagenet
ea656ee42d1d42d7b2a6ad465fdd2fd4,422148156924771234,FINISHED,file:///home/fischer/repos/mlprops/mlruns/422148156924771234/ea656ee42d1d42d7b2a6ad465fdd2fd4/artifacts,2024-10-23 11:04:37.895000+00:00,2024-10-23 11:06:56.913000+00:00,0.6706370711326599,0.8699143528938293,0.015559533614827243,44675560.0,1.786862850189209,4.5334120592489935,116.26083516998916,Tensorflow 2.17.0,7472.0,4,/data/d1/fischer_diss/imagenet,Inference,120,1,13th Gen Intel(R) Core(TM) i9-13900K,ImageNet (ILSVRC 2012),ResNet101V2,PROJECT,https://github.com/raphischer/mlprops.git,fischer,conda,local,a0822d66e4fec0d0de375a547481817c78d9028b,welcoming-whale-566,https://github.com/raphischer/mlprops.git,main.py,file:///home/fischer/repos/mlprops#experiments/imagenet
035fe1c5a2684d39ae8697608ace91c3,422148156924771234,FINISHED,file:///home/fischer/repos/mlprops/mlruns/422148156924771234/035fe1c5a2684d39ae8697608ace91c3/artifacts,2024-10-23 11:00:28+00:00,2024-10-23 11:02:49.490000+00:00,0.6697033047676086,0.8699895739555359,0.015599785904477515,44675560.0,1.7851897478103638,4.465406499965372,119.86875489000522,Tensorflow 2.17.0,7684.0,4,/data/d1/fischer_diss/imagenet,Inference,120,1,13th Gen Intel(R) Core(TM) i9-13900K,ImageNet (ILSVRC 2012),ResNet101V2,PROJECT,https://github.com/raphischer/mlprops.git,fischer,conda,local,a0822d66e4fec0d0de375a547481817c78d9028b,silent-asp-750,https://github.com/raphischer/mlprops.git,main.py,file:///home/fischer/repos/mlprops#experiments/imagenet
c78f18d91ca24fc180746071b8b9b108,422148156924771234,FINISHED,file:///home/fischer/repos/mlprops/mlruns/422148156924771234/c78f18d91ca24fc180746071b8b9b108/artifacts,2024-10-23 10:58:20.875000+00:00,2024-10-23 11:00:26.165000+00:00,0.672331690788269,0.869513213634491,0.0013980557626539322,44675560.0,1.786777138710022,0.3394763750735701,109.82007626799168,Tensorflow 2.17.0,78552.0,4,/data/d1/fischer_diss/imagenet,Inference,120,0,NVIDIA GeForce RTX 4090,ImageNet (ILSVRC 2012),ResNet101V2,PROJECT,https://github.com/raphischer/mlprops.git,fischer,conda,local,a0822d66e4fec0d0de375a547481817c78d9028b,industrious-elk-781,https://github.com/raphischer/mlprops.git,main.py,file:///home/fischer/repos/mlprops#experiments/imagenet
cd23dfea846e41e9ba341a8b63fec20e,422148156924771234,FINISHED,file:///home/fischer/repos/mlprops/mlruns/422148156924771234/cd23dfea846e41e9ba341a8b63fec20e/artifacts,2024-10-23 10:30:23.852000+00:00,2024-10-23 10:33:04.511000+00:00,0.6724879145622253,0.8692522644996643,0.0013852564704214317,44675560.0,1.7875947952270508,0.34011684707749107,147.61847051398945,Tensorflow 2.17.0,106564.0,4,/data/d1/fischer_diss/imagenet,Inference,120,0,NVIDIA GeForce RTX 4090,ImageNet (ILSVRC 2012),ResNet101V2,PROJECT,https://github.com/raphischer/mlprops.git,fischer,conda,local,a0822d66e4fec0d0de375a547481817c78d9028b,wistful-foal-702,https://github.com/raphischer/mlprops.git,main.py,file:///home/fischer/repos/mlprops#experiments/imagenet
2cba4f9fe18b43faa81af53ea15ffd4a,422148156924771234,FAILED,file:///home/fischer/repos/mlprops/mlruns/422148156924771234/2cba4f9fe18b43faa81af53ea15ffd4a/artifacts,2024-10-23 10:30:09.818000+00:00,2024-10-23 10:30:22.779000+00:00,,,,,,,,Tensorflow 2.17.0,,4,/data/d1/fischer_diss/imagenet,Inference,120,0,NVIDIA GeForce RTX 4090,ImageNet (ILSVRC 2012),ResNet101V2,PROJECT,https://github.com/raphischer/mlprops.git,fischer,conda,local,a0822d66e4fec0d0de375a547481817c78d9028b,resilient-carp-792,https://github.com/raphischer/mlprops.git,main.py,file:///home/fischer/repos/mlprops#experiments/imagenet
972bd00cdafd4850aaba5f46c26d175a,422148156924771234,FINISHED,file:///home/fischer/repos/mlprops/mlruns/422148156924771234/972bd00cdafd4850aaba5f46c26d175a/artifacts,2024-10-23 10:27:11.406000+00:00,2024-10-23 10:30:05.771000+00:00,0.6536690592765808,0.8561151027679443,0.008579949276547346,25613800.0,1.7897518873214722,2.2452276985599884,119.26129494400811,Tensorflow 2.17.0,13900.0,4,/data/d1/fischer_diss/imagenet,Inference,120,1,13th Gen Intel(R) Core(TM) i9-13900K,ImageNet (ILSVRC 2012),ResNet50V2,PROJECT,https://github.com/raphischer/mlprops.git,fischer,conda,local,a0822d66e4fec0d0de375a547481817c78d9028b,overjoyed-deer-415,https://github.com/raphischer/mlprops.git,main.py,file:///home/fischer/repos/mlprops#experiments/imagenet
4ec9afaabb934779ab73a1884fda761b,422148156924771234,FINISHED,file:///home/fischer/repos/mlprops/mlruns/422148156924771234/4ec9afaabb934779ab73a1884fda761b/artifacts,2024-10-23 10:24:45.870000+00:00,2024-10-23 10:27:09.419000+00:00,0.6514512300491333,0.8554802536964417,0.0006185344125883328,25613800.0,1.802130103111267,0.20698379406598053,129.57058874900395,Tensorflow 2.17.0,209480.0,4,/data/d1/fischer_diss/imagenet,Inference,120,0,NVIDIA GeForce RTX 4090,ImageNet (ILSVRC 2012),ResNet50V2,PROJECT,https://github.com/raphischer/mlprops.git,fischer,conda,local,a0822d66e4fec0d0de375a547481817c78d9028b,defiant-sloth-721,https://github.com/raphischer/mlprops.git,main.py,file:///home/fischer/repos/mlprops#experiments/imagenet
bec91e1f665348718be895ded5cfaf4e,422148156924771234,FINISHED,file:///home/fischer/repos/mlprops/mlruns/422148156924771234/bec91e1f665348718be895ded5cfaf4e/artifacts,2024-10-23 10:22:15.072000+00:00,2024-10-23 10:24:41.896000+00:00,0.7262090444564819,0.9001560211181641,0.02361787461544362,60419944.0,1.228702187538147,6.683291939721132,121.11246102799488,Tensorflow 2.17.0,5128.0,4,/data/d1/fischer_diss/imagenet,Inference,120,1,13th Gen Intel(R) Core(TM) i9-13900K,ImageNet (ILSVRC 2012),ResNet152,PROJECT,https://github.com/raphischer/mlprops.git,fischer,conda,local,a0822d66e4fec0d0de375a547481817c78d9028b,vaunted-elk-925,https://github.com/raphischer/mlprops.git,main.py,file:///home/fischer/repos/mlprops#experiments/imagenet
422032c2bb3f4bda9d2cbbe7b5140c07,422148156924771234,FINISHED,file:///home/fischer/repos/mlprops/mlruns/422148156924771234/422032c2bb3f4bda9d2cbbe7b5140c07/artifacts,2024-10-23 10:20:06.367000+00:00,2024-10-23 10:22:13.120000+00:00,0.7244111895561218,0.8996074795722961,0.0025788122977182266,60419944.0,1.226055383682251,0.6183463234609253,105.11238925499492,Tensorflow 2.17.0,40760.0,4,/data/d1/fischer_diss/imagenet,Inference,120,0,NVIDIA GeForce RTX 4090,ImageNet (ILSVRC 2012),ResNet152,PROJECT,https://github.com/raphischer/mlprops.git,fischer,conda,local,a0822d66e4fec0d0de375a547481817c78d9028b,gaudy-auk-302,https://github.com/raphischer/mlprops.git,main.py,file:///home/fischer/repos/mlprops#experiments/imagenet
8d5f778fcfe34b5aa34aa82b976c65c6,422148156924771234,RUNNING,file:///home/fischer/repos/mlprops/mlruns/422148156924771234/8d5f778fcfe34b5aa34aa82b976c65c6/artifacts,2024-10-23 10:19:24.555000+00:00,,,,,,,,,,,,/data/d1/fischer_diss/imagenet,,120,0,,,ResNet152,PROJECT,https://github.com/raphischer/mlprops.git,fischer,conda,,a0822d66e4fec0d0de375a547481817c78d9028b,caring-perch-432,https://github.com/raphischer/mlprops.git,main.py,file:///home/fischer/repos/mlprops#experiments/imagenet
4b30451a25594b57811ae1c13e97ea88,422148156924771234,FINISHED,file:///home/fischer/repos/mlprops/mlruns/422148156924771234/4b30451a25594b57811ae1c13e97ea88/artifacts,2024-10-23 10:17:05.744000+00:00,2024-10-23 10:19:20.447000+00:00,0.7165203094482422,0.8948957324028015,0.01612932023531921,44707176.0,1.2741751670837402,4.534625719215297,117.55048587500642,Tensorflow 2.17.0,7288.0,4,/data/d1/fischer_diss/imagenet,Inference,120,1,13th Gen Intel(R) Core(TM) i9-13900K,ImageNet (ILSVRC 2012),ResNet101,PROJECT,https://github.com/raphischer/mlprops.git,fischer,conda,local,a0822d66e4fec0d0de375a547481817c78d9028b,sedate-smelt-993,https://github.com/raphischer/mlprops.git,main.py,file:///home/fischer/repos/mlprops#experiments/imagenet
ca959c8392be468e860ab405a4ec54fa,422148156924771234,FAILED,file:///home/fischer/repos/mlprops/mlruns/422148156924771234/ca959c8392be468e860ab405a4ec54fa/artifacts,2024-10-23 10:16:57.073000+00:00,2024-10-23 10:17:04.673000+00:00,,,,,,,,Tensorflow 2.17.0,,4,/data/d1/fischer_diss/imagenet,Inference,120,1,13th Gen Intel(R) Core(TM) i9-13900K,ImageNet (ILSVRC 2012),ResNet101,PROJECT,https://github.com/raphischer/mlprops.git,fischer,conda,local,a0822d66e4fec0d0de375a547481817c78d9028b,rogue-lynx-640,https://github.com/raphischer/mlprops.git,main.py,file:///home/fischer/repos/mlprops#experiments/imagenet
7162b1bb767b49ad9de091ad8e5b166f,422148156924771234,FAILED,file:///home/fischer/repos/mlprops/mlruns/422148156924771234/7162b1bb767b49ad9de091ad8e5b166f/artifacts,2024-10-23 10:16:49.425000+00:00,2024-10-23 10:16:55.962000+00:00,,,,,,,,,,,/data/d1/fischer_diss/imagenet,,120,1,,,ResNet101,PROJECT,https://github.com/raphischer/mlprops.git,fischer,conda,local,a0822d66e4fec0d0de375a547481817c78d9028b,chill-wolf-528,https://github.com/raphischer/mlprops.git,main.py,file:///home/fischer/repos/mlprops#experiments/imagenet
1e7da59d1c4148379109c18538dece3c,422148156924771234,FINISHED,file:///home/fischer/repos/mlprops/mlruns/422148156924771234/1e7da59d1c4148379109c18538dece3c/artifacts,2024-10-23 10:14:23.894000+00:00,2024-10-23 10:16:47.448000+00:00,0.7177804708480835,0.8957623243331909,0.0013959930675592066,44707176.0,1.2551347017288208,0.4070902331706971,126.16985344600108,Tensorflow 2.17.0,90380.0,4,/data/d1/fischer_diss/imagenet,Inference,120,0,NVIDIA GeForce RTX 4090,ImageNet (ILSVRC 2012),ResNet101,PROJECT,https://github.com/raphischer/mlprops.git,fischer,conda,local,a0822d66e4fec0d0de375a547481817c78d9028b,bouncy-grub-210,https://github.com/raphischer/mlprops.git,main.py,file:///home/fischer/repos/mlprops#experiments/imagenet
6308b01a262d42e6a74b0d4dcbc6fae3,422148156924771234,FINISHED,file:///home/fischer/repos/mlprops/mlruns/422148156924771234/6308b01a262d42e6a74b0d4dcbc6fae3/artifacts,2024-10-23 10:12:05.466000+00:00,2024-10-23 10:14:19.940000+00:00,0.7003591656684875,0.8844109177589417,0.008720742566522116,25636712.0,1.3357652425765991,2.451642559207009,121.39273652598786,Tensorflow 2.17.0,13920.0,4,/data/d1/fischer_diss/imagenet,Inference,120,1,13th Gen Intel(R) Core(TM) i9-13900K,ImageNet (ILSVRC 2012),ResNet50,PROJECT,https://github.com/raphischer/mlprops.git,fischer,conda,local,a0822d66e4fec0d0de375a547481817c78d9028b,gentle-penguin-482,https://github.com/raphischer/mlprops.git,main.py,file:///home/fischer/repos/mlprops#experiments/imagenet
a1d543387e7542458b9d35bc2204f2c1,422148156924771234,FAILED,file:///home/fischer/repos/mlprops/mlruns/422148156924771234/a1d543387e7542458b9d35bc2204f2c1/artifacts,2024-10-23 10:11:58.348000+00:00,2024-10-23 10:12:04.350000+00:00,,,,,,,,Tensorflow 2.17.0,,4,/data/d1/fischer_diss/imagenet,Inference,120,1,13th Gen Intel(R) Core(TM) i9-13900K,ImageNet (ILSVRC 2012),ResNet50,PROJECT,https://github.com/raphischer/mlprops.git,fischer,conda,local,a0822d66e4fec0d0de375a547481817c78d9028b,sedate-moose-127,https://github.com/raphischer/mlprops.git,main.py,file:///home/fischer/repos/mlprops#experiments/imagenet
ba0ebc2eb8374c32b1ef0999067fe0f3,422148156924771234,FAILED,file:///home/fischer/repos/mlprops/mlruns/422148156924771234/ba0ebc2eb8374c32b1ef0999067fe0f3/artifacts,2024-10-23 10:11:51.331000+00:00,2024-10-23 10:11:57.270000+00:00,,,,,,,,Tensorflow 2.17.0,,4,/data/d1/fischer_diss/imagenet,Inference,120,1,13th Gen Intel(R) Core(TM) i9-13900K,ImageNet (ILSVRC 2012),ResNet50,PROJECT,https://github.com/raphischer/mlprops.git,fischer,conda,local,a0822d66e4fec0d0de375a547481817c78d9028b,delicate-ant-63,https://github.com/raphischer/mlprops.git,main.py,file:///home/fischer/repos/mlprops#experiments/imagenet
58df04272f8749a89ee716248fc58a39,422148156924771234,FAILED,file:///home/fischer/repos/mlprops/mlruns/422148156924771234/58df04272f8749a89ee716248fc58a39/artifacts,2024-10-23 10:11:42.102000+00:00,2024-10-23 10:11:50.197000+00:00,,,,,,,,Tensorflow 2.17.0,,4,/data/d1/fischer_diss/imagenet,Inference,120,1,13th Gen Intel(R) Core(TM) i9-13900K,ImageNet (ILSVRC 2012),ResNet50,PROJECT,https://github.com/raphischer/mlprops.git,fischer,conda,local,a0822d66e4fec0d0de375a547481817c78d9028b,calm-slug-953,https://github.com/raphischer/mlprops.git,main.py,file:///home/fischer/repos/mlprops#experiments/imagenet
36662cc783ae4d4f82316d520b0ce5eb,422148156924771234,FINISHED,file:///home/fischer/repos/mlprops/mlruns/422148156924771234/36662cc783ae4d4f82316d520b0ce5eb/artifacts,2024-10-23 10:09:24.886000+00:00,2024-10-23 10:11:40.264000+00:00,0.7008780241012573,0.8853563666343689,0.0006735813494762229,25636712.0,1.3248300552368164,0.27322798468431375,122.438229056992,Tensorflow 2.17.0,181772.0,4,/data/d1/fischer_diss/imagenet,Inference,120,0,NVIDIA GeForce RTX 4090,ImageNet (ILSVRC 2012),ResNet50,PROJECT,https://github.com/raphischer/mlprops.git,fischer,conda,local,a0822d66e4fec0d0de375a547481817c78d9028b,calm-yak-625,https://github.com/raphischer/mlprops.git,main.py,file:///home/fischer/repos/mlprops#experiments/imagenet
43bb13477fb54759a690c82b6eec3c1d,422148156924771234,FINISHED,file:///home/fischer/repos/mlprops/mlruns/422148156924771234/43bb13477fb54759a690c82b6eec3c1d/artifacts,2024-10-23 10:06:41.135000+00:00,2024-10-23 10:09:20.907000+00:00,0.7061243057250977,0.8836380243301392,0.012347691958775796,5326716.0,1.315732479095459,1.1309682924918758,135.0837500290072,Tensorflow 2.17.0,10940.0,4,/data/d1/fischer_diss/imagenet,Inference,120,1,13th Gen Intel(R) Core(TM) i9-13900K,ImageNet (ILSVRC 2012),NASNetMobile,PROJECT,https://github.com/raphischer/mlprops.git,fischer,conda,local,a0822d66e4fec0d0de375a547481817c78d9028b,charming-steed-357,https://github.com/raphischer/mlprops.git,main.py,file:///home/fischer/repos/mlprops#experiments/imagenet
2b429f9313524c77b39fd309288bf2cb,422148156924771234,FINISHED,file:///home/fischer/repos/mlprops/mlruns/422148156924771234/2b429f9313524c77b39fd309288bf2cb/artifacts,2024-10-23 10:04:18.433000+00:00,2024-10-23 10:06:39.277000+00:00,0.6966681480407715,0.8818202018737793,0.0032811861115273734,5326716.0,1.344181776046753,0.37102644485354985,117.38771432600332,Tensorflow 2.17.0,35776.0,4,/data/d1/fischer_diss/imagenet,Inference,120,0,NVIDIA GeForce RTX 4090,ImageNet (ILSVRC 2012),NASNetMobile,PROJECT,https://github.com/raphischer/mlprops.git,fischer,conda,local,a0822d66e4fec0d0de375a547481817c78d9028b,fun-wasp-23,https://github.com/raphischer/mlprops.git,main.py,file:///home/fischer/repos/mlprops#experiments/imagenet
ae113e832dbf4289803656cd7a139927,422148156924771234,FAILED,file:///home/fischer/repos/mlprops/mlruns/422148156924771234/ae113e832dbf4289803656cd7a139927/artifacts,2024-10-23 10:04:11.641000+00:00,2024-10-23 10:04:17.356000+00:00,,,,,,,,,,,/data/d1/fischer_diss/imagenet,,120,0,,,NASNetMobile,PROJECT,https://github.com/raphischer/mlprops.git,fischer,conda,local,a0822d66e4fec0d0de375a547481817c78d9028b,respected-ray-720,https://github.com/raphischer/mlprops.git,main.py,file:///home/fischer/repos/mlprops#experiments/imagenet
e6d86acd6dcd41258f18c0271dd57cd4,422148156924771234,FINISHED,file:///home/fischer/repos/mlprops/mlruns/422148156924771234/e6d86acd6dcd41258f18c0271dd57cd4/artifacts,2024-10-23 10:01:31.613000+00:00,2024-10-23 10:04:07.945000+00:00,0.8132961988449097,0.9558120965957642,0.04809896180692594,88949818.0,0.8559641242027283,13.523453206970588,120.82459205899796,Tensorflow 2.17.0,2512.0,4,/data/d1/fischer_diss/imagenet,Inference,120,1,13th Gen Intel(R) Core(TM) i9-13900K,ImageNet (ILSVRC 2012),NASNetLarge,PROJECT,https://github.com/raphischer/mlprops.git,fischer,conda,local,a0822d66e4fec0d0de375a547481817c78d9028b,puzzled-foal-954,https://github.com/raphischer/mlprops.git,main.py,file:///home/fischer/repos/mlprops#experiments/imagenet
7a326e181f1f40b3bf3a5c008a504d4b,422148156924771234,FAILED,file:///home/fischer/repos/mlprops/mlruns/422148156924771234/7a326e181f1f40b3bf3a5c008a504d4b/artifacts,2024-10-23 10:01:24.954000+00:00,2024-10-23 10:01:30.522000+00:00,,,,,,,,,,,/data/d1/fischer_diss/imagenet,,120,1,,,NASNetLarge,PROJECT,https://github.com/raphischer/mlprops.git,fischer,conda,local,a0822d66e4fec0d0de375a547481817c78d9028b,honorable-hen-796,https://github.com/raphischer/mlprops.git,main.py,file:///home/fischer/repos/mlprops#experiments/imagenet
da8e49dcdbdc41e9b2967f94cda2c8a6,422148156924771234,FAILED,file:///home/fischer/repos/mlprops/mlruns/422148156924771234/da8e49dcdbdc41e9b2967f94cda2c8a6/artifacts,2024-10-23 10:01:09.584000+00:00,2024-10-23 10:01:23.813000+00:00,,,,,,,,Tensorflow 2.17.0,,4,/data/d1/fischer_diss/imagenet,Inference,120,1,13th Gen Intel(R) Core(TM) i9-13900K,ImageNet (ILSVRC 2012),NASNetLarge,PROJECT,https://github.com/raphischer/mlprops.git,fischer,conda,local,a0822d66e4fec0d0de375a547481817c78d9028b,marvelous-sloth-737,https://github.com/raphischer/mlprops.git,main.py,file:///home/fischer/repos/mlprops#experiments/imagenet
aa65a3b50f504dd78c83daba1d2f04f0,422148156924771234,FINISHED,file:///home/fischer/repos/mlprops/mlruns/422148156924771234/aa65a3b50f504dd78c83daba1d2f04f0/artifacts,2024-10-23 09:58:29.782000+00:00,2024-10-23 10:01:07.799000+00:00,0.8193121552467346,0.9564153552055359,0.0043491419774798765,88949818.0,0.8338586091995239,1.1592882556120594,131.51805339899147,Tensorflow 2.17.0,30240.0,4,/data/d1/fischer_diss/imagenet,Inference,120,0,NVIDIA GeForce RTX 4090,ImageNet (ILSVRC 2012),NASNetLarge,PROJECT,https://github.com/raphischer/mlprops.git,fischer,conda,local,a0822d66e4fec0d0de375a547481817c78d9028b,righteous-gull-631,https://github.com/raphischer/mlprops.git,main.py,file:///home/fischer/repos/mlprops#experiments/imagenet
b85cf5ef94154eb3ab2666e41fa6f1f4,422148156924771234,FAILED,file:///home/fischer/repos/mlprops/mlruns/422148156924771234/b85cf5ef94154eb3ab2666e41fa6f1f4/artifacts,2024-10-23 09:58:13.722000+00:00,2024-10-23 09:58:28.667000+00:00,,,,,,,,Tensorflow 2.17.0,,4,/data/d1/fischer_diss/imagenet,Inference,120,0,NVIDIA GeForce RTX 4090,ImageNet (ILSVRC 2012),NASNetLarge,PROJECT,https://github.com/raphischer/mlprops.git,fischer,conda,local,a0822d66e4fec0d0de375a547481817c78d9028b,calm-kite-11,https://github.com/raphischer/mlprops.git,main.py,file:///home/fischer/repos/mlprops#experiments/imagenet
a9f6afd4d2d74176b73abadf7330b466,422148156924771234,FINISHED,file:///home/fischer/repos/mlprops/mlruns/422148156924771234/a9f6afd4d2d74176b73abadf7330b466/artifacts,2024-10-23 09:55:52.760000+00:00,2024-10-23 09:58:09.906000+00:00,0.6244999766349792,0.8288999795913696,0.01152776061899931,3538984.0,1.7490675449371338,0.89971297844868,115.2776061899931,Tensorflow 2.17.0,10000.0,4,/data/d1/fischer_diss/imagenet,Inference,120,1,13th Gen Intel(R) Core(TM) i9-13900K,ImageNet (ILSVRC 2012),MobileNetV2,PROJECT,https://github.com/raphischer/mlprops.git,fischer,conda,local,a0822d66e4fec0d0de375a547481817c78d9028b,nervous-dove-323,https://github.com/raphischer/mlprops.git,main.py,file:///home/fischer/repos/mlprops#experiments/imagenet
03cd49fb8174460e98ce05c36f9a5f8c,422148156924771234,FINISHED,file:///home/fischer/repos/mlprops/mlruns/422148156924771234/03cd49fb8174460e98ce05c36f9a5f8c/artifacts,2024-10-23 09:53:24.178000+00:00,2024-10-23 09:55:50.846000+00:00,0.6155121922492981,0.8268135190010071,0.0005012951305870758,3538984.0,1.7858465909957886,0.12798202421591262,134.81029169799876,Tensorflow 2.17.0,268924.0,4,/data/d1/fischer_diss/imagenet,Inference,120,0,NVIDIA GeForce RTX 4090,ImageNet (ILSVRC 2012),MobileNetV2,PROJECT,https://github.com/raphischer/mlprops.git,fischer,conda,local,a0822d66e4fec0d0de375a547481817c78d9028b,aged-sheep-781,https://github.com/raphischer/mlprops.git,main.py,file:///home/fischer/repos/mlprops#experiments/imagenet
74cfe8b74904435eb8362a3632bdf574,422148156924771234,FINISHED,file:///home/fischer/repos/mlprops/mlruns/422148156924771234/74cfe8b74904435eb8362a3632bdf574/artifacts,2024-10-23 09:51:04.062000+00:00,2024-10-23 09:53:20.389000+00:00,0.6129032373428345,0.8230597376823425,0.009297060100527024,4253864.0,1.8162180185317993,0.7598552552711689,116.43638069900044,Tensorflow 2.17.0,12524.0,4,/data/d1/fischer_diss/imagenet,Inference,120,1,13th Gen Intel(R) Core(TM) i9-13900K,ImageNet (ILSVRC 2012),MobileNet,PROJECT,https://github.com/raphischer/mlprops.git,fischer,conda,local,a0822d66e4fec0d0de375a547481817c78d9028b,gaudy-pug-645,https://github.com/raphischer/mlprops.git,main.py,file:///home/fischer/repos/mlprops#experiments/imagenet
c11624ef2a804d1b933dbc276396f393,422148156924771234,FINISHED,file:///home/fischer/repos/mlprops/mlruns/422148156924771234/c11624ef2a804d1b933dbc276396f393/artifacts,2024-10-23 09:48:02.495000+00:00,2024-10-23 09:51:02.211000+00:00,0.612930417060852,0.8223938941955566,0.00033763267714006427,4253864.0,1.8112459182739258,0.10534207584584429,128.95947629900184,Tensorflow 2.17.0,381952.0,4,/data/d1/fischer_diss/imagenet,Inference,120,0,NVIDIA GeForce RTX 4090,ImageNet (ILSVRC 2012),MobileNet,PROJECT,https://github.com/raphischer/mlprops.git,fischer,conda,local,a0822d66e4fec0d0de375a547481817c78d9028b,kindly-toad-673,https://github.com/raphischer/mlprops.git,main.py,file:///home/fischer/repos/mlprops#experiments/imagenet
4f5d0af346fd46a2a5e4c4bab1d82d33,422148156924771234,FINISHED,file:///home/fischer/repos/mlprops/mlruns/422148156924771234/4f5d0af346fd46a2a5e4c4bab1d82d33/artifacts,2024-10-23 09:45:40.850000+00:00,2024-10-23 09:47:58.712000+00:00,0.7709510922431946,0.9304123520851135,0.010122637296724692,23851784.0,1.003757357597351,2.804150201334273,121.7550814050046,Tensorflow 2.17.0,12028.0,4,/data/d1/fischer_diss/imagenet,Inference,120,1,13th Gen Intel(R) Core(TM) i9-13900K,ImageNet (ILSVRC 2012),InceptionV3,PROJECT,https://github.com/raphischer/mlprops.git,fischer,conda,local,a0822d66e4fec0d0de375a547481817c78d9028b,crawling-hog-390,https://github.com/raphischer/mlprops.git,main.py,file:///home/fischer/repos/mlprops#experiments/imagenet
a339153168944da0898935055c6e3fba,422148156924771234,FAILED,file:///home/fischer/repos/mlprops/mlruns/422148156924771234/a339153168944da0898935055c6e3fba/artifacts,2024-10-23 09:45:31.044000+00:00,2024-10-23 09:45:39.708000+00:00,,,,,,,,Tensorflow 2.17.0,,4,/data/d1/fischer_diss/imagenet,Inference,120,1,13th Gen Intel(R) Core(TM) i9-13900K,ImageNet (ILSVRC 2012),InceptionV3,PROJECT,https://github.com/raphischer/mlprops.git,fischer,conda,local,a0822d66e4fec0d0de375a547481817c78d9028b,kindly-conch-701,https://github.com/raphischer/mlprops.git,main.py,file:///home/fischer/repos/mlprops#experiments/imagenet
1bce7c5be79f4cbe8bb81ea5aee3472b,422148156924771234,FINISHED,file:///home/fischer/repos/mlprops/mlruns/422148156924771234/1bce7c5be79f4cbe8bb81ea5aee3472b/artifacts,2024-10-23 09:43:19.112000+00:00,2024-10-23 09:45:29.107000+00:00,0.7634943723678589,0.9266850352287292,0.0011233236319270247,23851784.0,1.037935733795166,0.2697342990029522,112.462668734006,Tensorflow 2.17.0,100116.0,4,/data/d1/fischer_diss/imagenet,Inference,120,0,NVIDIA GeForce RTX 4090,ImageNet (ILSVRC 2012),InceptionV3,PROJECT,https://github.com/raphischer/mlprops.git,fischer,conda,local,a0822d66e4fec0d0de375a547481817c78d9028b,luxuriant-bear-491,https://github.com/raphischer/mlprops.git,main.py,file:///home/fischer/repos/mlprops#experiments/imagenet
405a2146205a483c8adf15ec0e14c64c,422148156924771234,FAILED,file:///home/fischer/repos/mlprops/mlruns/422148156924771234/405a2146205a483c8adf15ec0e14c64c/artifacts,2024-10-23 09:43:11.567000+00:00,2024-10-23 09:43:18.040000+00:00,,,,,,,,,,,/data/d1/fischer_diss/imagenet,,120,0,,,InceptionV3,PROJECT,https://github.com/raphischer/mlprops.git,fischer,conda,local,a0822d66e4fec0d0de375a547481817c78d9028b,adventurous-tern-487,https://github.com/raphischer/mlprops.git,main.py,file:///home/fischer/repos/mlprops#experiments/imagenet
1cc9e16b1dd549399ee73e08588f9214,422148156924771234,FINISHED,file:///home/fischer/repos/mlprops/mlruns/422148156924771234/1cc9e16b1dd549399ee73e08588f9214/artifacts,2024-10-23 09:40:40.914000+00:00,2024-10-23 09:43:07.857000+00:00,0.7903780341148376,0.9402921199798584,0.025792331538659362,55873736.0,0.9201477766036987,7.433669639930181,120.089095643998,Tensorflow 2.17.0,4656.0,4,/data/d1/fischer_diss/imagenet,Inference,120,1,13th Gen Intel(R) Core(TM) i9-13900K,ImageNet (ILSVRC 2012),InceptionResNetV2,PROJECT,https://github.com/raphischer/mlprops.git,fischer,conda,local,a0822d66e4fec0d0de375a547481817c78d9028b,placid-elk-618,https://github.com/raphischer/mlprops.git,main.py,file:///home/fischer/repos/mlprops#experiments/imagenet
1b96519c230b4e618be3dc26cf79e00d,422148156924771234,FINISHED,file:///home/fischer/repos/mlprops/mlruns/422148156924771234/1b96519c230b4e618be3dc26cf79e00d/artifacts,2024-10-23 09:38:22.481000+00:00,2024-10-23 09:40:39.085000+00:00,0.7885246872901917,0.9420289993286133,0.003218760516304336,55873736.0,0.914231538772583,0.6485474890835157,113.71237151999958,Tensorflow 2.17.0,35328.0,4,/data/d1/fischer_diss/imagenet,Inference,120,0,NVIDIA GeForce RTX 4090,ImageNet (ILSVRC 2012),InceptionResNetV2,PROJECT,https://github.com/raphischer/mlprops.git,fischer,conda,local,a0822d66e4fec0d0de375a547481817c78d9028b,resilient-loon-139,https://github.com/raphischer/mlprops.git,main.py,file:///home/fischer/repos/mlprops#experiments/imagenet
85c518315e2d4d8a9c6823b3cd208a30,422148156924771234,FINISHED,file:///home/fischer/repos/mlprops/mlruns/422148156924771234/85c518315e2d4d8a9c6823b3cd208a30/artifacts,2024-10-23 09:35:55.985000+00:00,2024-10-23 09:38:18.819000+00:00,0.8319066166877747,0.9640077948570251,0.02314465526459242,21612360.0,0.7254734635353088,6.609897990296965,118.96352806000505,Tensorflow 2.17.0,5140.0,4,/data/d1/fischer_diss/imagenet,Inference,120,1,13th Gen Intel(R) Core(TM) i9-13900K,ImageNet (ILSVRC 2012),EfficientNetV2S,PROJECT,https://github.com/raphischer/mlprops.git,fischer,conda,local,a0822d66e4fec0d0de375a547481817c78d9028b,bouncy-mare-948,https://github.com/raphischer/mlprops.git,main.py,file:///home/fischer/repos/mlprops#experiments/imagenet
876ea57dc283455c8bd805c120a60758,422148156924771234,FINISHED,file:///home/fischer/repos/mlprops/mlruns/422148156924771234/876ea57dc283455c8bd805c120a60758/artifacts,2024-10-23 09:33:43.940000+00:00,2024-10-23 09:35:54.035000+00:00,0.8321418762207031,0.9639501571655273,0.0019151919195433149,21612360.0,0.7166597247123718,0.4273154127996997,112.52135565700884,Tensorflow 2.17.0,58752.0,4,/data/d1/fischer_diss/imagenet,Inference,120,0,NVIDIA GeForce RTX 4090,ImageNet (ILSVRC 2012),EfficientNetV2S,PROJECT,https://github.com/raphischer/mlprops.git,fischer,conda,local,a0822d66e4fec0d0de375a547481817c78d9028b,efficient-calf-683,https://github.com/raphischer/mlprops.git,main.py,file:///home/fischer/repos/mlprops#experiments/imagenet
9ddaa47a2ff8402db2916f719644b85f,422148156924771234,FAILED,file:///home/fischer/repos/mlprops/mlruns/422148156924771234/9ddaa47a2ff8402db2916f719644b85f/artifacts,2024-10-23 09:33:36.765000+00:00,2024-10-23 09:33:42.773000+00:00,,,,,,,,,,,/data/d1/fischer_diss/imagenet,,120,0,,,EfficientNetV2S,PROJECT,https://github.com/raphischer/mlprops.git,fischer,conda,local,a0822d66e4fec0d0de375a547481817c78d9028b,gifted-cod-146,https://github.com/raphischer/mlprops.git,main.py,file:///home/fischer/repos/mlprops#experiments/imagenet
86e8eb3e689c4020b052572468483e81,422148156924771234,FINISHED,file:///home/fischer/repos/mlprops/mlruns/422148156924771234/86e8eb3e689c4020b052572468483e81/artifacts,2024-10-23 09:30:53.458000+00:00,2024-10-23 09:33:33.006000+00:00,0.8400195837020874,0.9745596647262573,0.05922216548825861,54431388.0,1.5382930040359497,16.70524122344918,121.0501062580006,Tensorflow 2.17.0,2044.0,4,/data/d1/fischer_diss/imagenet,Inference,120,1,13th Gen Intel(R) Core(TM) i9-13900K,ImageNet (ILSVRC 2012),EfficientNetV2M,PROJECT,https://github.com/raphischer/mlprops.git,fischer,conda,local,a0822d66e4fec0d0de375a547481817c78d9028b,silent-steed-488,https://github.com/raphischer/mlprops.git,main.py,file:///home/fischer/repos/mlprops#experiments/imagenet
164cdddd57604a85981bdbef928f84cf,422148156924771234,FINISHED,file:///home/fischer/repos/mlprops/mlruns/422148156924771234/164cdddd57604a85981bdbef928f84cf/artifacts,2024-10-23 09:28:27.132000+00:00,2024-10-23 09:30:51.686000+00:00,0.8402753472328186,0.968413770198822,0.00349656800679719,54431388.0,1.547567367553711,0.9650169406659008,120.88334913099244,Tensorflow 2.17.0,34572.0,4,/data/d1/fischer_diss/imagenet,Inference,120,0,NVIDIA GeForce RTX 4090,ImageNet (ILSVRC 2012),EfficientNetV2M,PROJECT,https://github.com/raphischer/mlprops.git,fischer,conda,local,a0822d66e4fec0d0de375a547481817c78d9028b,big-frog-481,https://github.com/raphischer/mlprops.git,main.py,file:///home/fischer/repos/mlprops#experiments/imagenet
fcad881996c84dad8a98551e4aafb9f9,422148156924771234,FAILED,file:///home/fischer/repos/mlprops/mlruns/422148156924771234/fcad881996c84dad8a98551e4aafb9f9/artifacts,2024-10-23 09:28:13.702000+00:00,2024-10-23 09:28:26.110000+00:00,,,,,,,,Tensorflow 2.17.0,,4,/data/d1/fischer_diss/imagenet,Inference,120,0,NVIDIA GeForce RTX 4090,ImageNet (ILSVRC 2012),EfficientNetV2M,PROJECT,https://github.com/raphischer/mlprops.git,fischer,conda,local,a0822d66e4fec0d0de375a547481817c78d9028b,funny-pug-481,https://github.com/raphischer/mlprops.git,main.py,file:///home/fischer/repos/mlprops#experiments/imagenet
36c18026fe874bd89c63aa07c4dbb34b,422148156924771234,FAILED,file:///home/fischer/repos/mlprops/mlruns/422148156924771234/36c18026fe874bd89c63aa07c4dbb34b/artifacts,2024-10-23 09:28:09.159000+00:00,2024-10-23 09:28:12.613000+00:00,,,,,,,,,,,/data/d1/fischer_diss/imagenet,,120,0,,,EfficientNetV2M,PROJECT,https://github.com/raphischer/mlprops.git,fischer,conda,local,a0822d66e4fec0d0de375a547481817c78d9028b,smiling-smelt-950,https://github.com/raphischer/mlprops.git,main.py,file:///home/fischer/repos/mlprops#experiments/imagenet
139485943e9640d4ac4a7c61536d1558,422148156924771234,FAILED,file:///home/fischer/repos/mlprops/mlruns/422148156924771234/139485943e9640d4ac4a7c61536d1558/artifacts,2024-10-23 09:27:55.275000+00:00,2024-10-23 09:28:08.108000+00:00,,,,,,,,Tensorflow 2.17.0,,4,/data/d1/fischer_diss/imagenet,Inference,120,0,NVIDIA GeForce RTX 4090,ImageNet (ILSVRC 2012),EfficientNetV2M,PROJECT,https://github.com/raphischer/mlprops.git,fischer,conda,local,a0822d66e4fec0d0de375a547481817c78d9028b,suave-ant-886,https://github.com/raphischer/mlprops.git,main.py,file:///home/fischer/repos/mlprops#experiments/imagenet
942ec252e0a246f1b0247ff6b708946b,422148156924771234,FINISHED,file:///home/fischer/repos/mlprops/mlruns/422148156924771234/942ec252e0a246f1b0247ff6b708946b/artifacts,2024-10-23 09:25:03.766000+00:00,2024-10-23 09:27:51.659000+00:00,0.8427419066429138,0.9717742204666138,0.12167530975604325,119027848.0,1.5835710763931274,34.263031761844836,120.7019072779949,Tensorflow 2.17.0,992.0,4,/data/d1/fischer_diss/imagenet,Inference,120,1,13th Gen Intel(R) Core(TM) i9-13900K,ImageNet (ILSVRC 2012),EfficientNetV2L,PROJECT,https://github.com/raphischer/mlprops.git,fischer,conda,local,a0822d66e4fec0d0de375a547481817c78d9028b,capable-trout-563,https://github.com/raphischer/mlprops.git,main.py,file:///home/fischer/repos/mlprops#experiments/imagenet
7548dd3257904660a630f8659d6d583b,422148156924771234,FINISHED,file:///home/fischer/repos/mlprops/mlruns/422148156924771234/7548dd3257904660a630f8659d6d583b/artifacts,2024-10-23 09:22:24.467000+00:00,2024-10-23 09:25:01.880000+00:00,0.8463533520698547,0.9693584442138672,0.00492470214574695,119027848.0,1.5718437433242798,1.7513375039819312,123.43273458100155,Tensorflow 2.17.0,25064.0,4,/data/d1/fischer_diss/imagenet,Inference,120,0,NVIDIA GeForce RTX 4090,ImageNet (ILSVRC 2012),EfficientNetV2L,PROJECT,https://github.com/raphischer/mlprops.git,fischer,conda,local,a0822d66e4fec0d0de375a547481817c78d9028b,stately-sheep-277,https://github.com/raphischer/mlprops.git,main.py,file:///home/fischer/repos/mlprops#experiments/imagenet
c072f96a97b74746a393c611c0b7273b,422148156924771234,FINISHED,file:///home/fischer/repos/mlprops/mlruns/422148156924771234/c072f96a97b74746a393c611c0b7273b/artifacts,2024-10-23 09:20:00.176000+00:00,2024-10-23 09:22:20.887000+00:00,0.8062412142753601,0.9509872794151306,0.02037017180042153,14467622.0,0.8312051892280579,2.2209925992066433,115.53961445199091,Tensorflow 2.17.0,5672.0,4,/data/d1/fischer_diss/imagenet,Inference,120,1,13th Gen Intel(R) Core(TM) i9-13900K,ImageNet (ILSVRC 2012),EfficientNetV2B3,PROJECT,https://github.com/raphischer/mlprops.git,fischer,conda,local,a0822d66e4fec0d0de375a547481817c78d9028b,lyrical-stag-961,https://github.com/raphischer/mlprops.git,main.py,file:///home/fischer/repos/mlprops#experiments/imagenet
72e5a2bb17834471b2bc66bd28583723,422148156924771234,FINISHED,file:///home/fischer/repos/mlprops/mlruns/422148156924771234/72e5a2bb17834471b2bc66bd28583723/artifacts,2024-10-23 09:17:45.141000+00:00,2024-10-23 09:19:58.269000+00:00,0.8052788972854614,0.9487890005111694,0.0013523352269252836,14467622.0,0.8290432691574097,0.27876024760524615,115.68957399300416,Tensorflow 2.17.0,85548.0,4,/data/d1/fischer_diss/imagenet,Inference,120,0,NVIDIA GeForce RTX 4090,ImageNet (ILSVRC 2012),EfficientNetV2B3,PROJECT,https://github.com/raphischer/mlprops.git,fischer,conda,local,a0822d66e4fec0d0de375a547481817c78d9028b,zealous-deer-508,https://github.com/raphischer/mlprops.git,main.py,file:///home/fischer/repos/mlprops#experiments/imagenet
114a2f47a1bf49688c0319796aa19feb,422148156924771234,FINISHED,file:///home/fischer/repos/mlprops/mlruns/422148156924771234/114a2f47a1bf49688c0319796aa19feb/artifacts,2024-10-23 09:15:08.878000+00:00,2024-10-23 09:17:41.550000+00:00,0.7775609493255615,0.9263414740562439,0.029124543792926623,10178374.0,0.9667374491691589,2.3670636466493855,119.41062955099916,Tensorflow 2.17.0,4100.0,4,/data/d1/fischer_diss/imagenet,Inference,120,1,13th Gen Intel(R) Core(TM) i9-13900K,ImageNet (ILSVRC 2012),EfficientNetV2B2,PROJECT,https://github.com/raphischer/mlprops.git,fischer,conda,local,a0822d66e4fec0d0de375a547481817c78d9028b,receptive-cod-478,https://github.com/raphischer/mlprops.git,main.py,file:///home/fischer/repos/mlprops#experiments/imagenet
de94c01953cb49138b3e6b4a930cf3cc,422148156924771234,FINISHED,file:///home/fischer/repos/mlprops/mlruns/422148156924771234/de94c01953cb49138b3e6b4a930cf3cc/artifacts,2024-10-23 09:12:19.111000+00:00,2024-10-23 09:15:07.052000+00:00,0.77414870262146,0.9300212264060974,0.0010585370122875247,10178374.0,0.9691844582557678,0.21506200323652622,151.44700742200075,Tensorflow 2.17.0,143072.0,4,/data/d1/fischer_diss/imagenet,Inference,120,0,NVIDIA GeForce RTX 4090,ImageNet (ILSVRC 2012),EfficientNetV2B2,PROJECT,https://github.com/raphischer/mlprops.git,fischer,conda,local,a0822d66e4fec0d0de375a547481817c78d9028b,hilarious-wren-639,https://github.com/raphischer/mlprops.git,main.py,file:///home/fischer/repos/mlprops#experiments/imagenet
3285942f96a8433992f367e49add1c54,422148156924771234,FINISHED,file:///home/fischer/repos/mlprops/mlruns/422148156924771234/3285942f96a8433992f367e49add1c54/artifacts,2024-10-23 09:09:49.707000+00:00,2024-10-23 09:12:15.545000+00:00,0.7574294209480286,0.9223625659942627,0.021912716762815906,8212124.0,1.0344386100769043,1.7881237997853565,117.97806705100083,Tensorflow 2.17.0,5384.0,4,/data/d1/fischer_diss/imagenet,Inference,120,1,13th Gen Intel(R) Core(TM) i9-13900K,ImageNet (ILSVRC 2012),EfficientNetV2B1,PROJECT,https://github.com/raphischer/mlprops.git,fischer,conda,local,a0822d66e4fec0d0de375a547481817c78d9028b,learned-ram-29,https://github.com/raphischer/mlprops.git,main.py,file:///home/fischer/repos/mlprops#experiments/imagenet
4d289235948744a4b419052ee88b71b3,422148156924771234,FINISHED,file:///home/fischer/repos/mlprops/mlruns/422148156924771234/4d289235948744a4b419052ee88b71b3/artifacts,2024-10-23 09:07:51.998000+00:00,2024-10-23 09:09:47.740000+00:00,0.7587801814079285,0.9226478338241577,0.0009739321898251713,8212124.0,1.0339291095733643,0.18214342801865407,99.16577556799894,Tensorflow 2.17.0,101820.0,4,/data/d1/fischer_diss/imagenet,Inference,120,0,NVIDIA GeForce RTX 4090,ImageNet (ILSVRC 2012),EfficientNetV2B1,PROJECT,https://github.com/raphischer/mlprops.git,fischer,conda,local,a0822d66e4fec0d0de375a547481817c78d9028b,crawling-crow-629,https://github.com/raphischer/mlprops.git,main.py,file:///home/fischer/repos/mlprops#experiments/imagenet
728e1d39f4bd44319f43fc5c2f23ed9c,422148156924771234,FINISHED,file:///home/fischer/repos/mlprops/mlruns/422148156924771234/728e1d39f4bd44319f43fc5c2f23ed9c/artifacts,2024-10-23 09:05:21.117000+00:00,2024-10-23 09:07:48.547000+00:00,0.7430192232131958,0.9060500264167786,0.01686704782242582,7200312.0,1.1301172971725464,1.3440689699742934,115.97782082699996,Tensorflow 2.17.0,6876.0,4,/data/d1/fischer_diss/imagenet,Inference,120,1,13th Gen Intel(R) Core(TM) i9-13900K,ImageNet (ILSVRC 2012),EfficientNetV2B0,PROJECT,https://github.com/raphischer/mlprops.git,fischer,conda,local,a0822d66e4fec0d0de375a547481817c78d9028b,nebulous-grub-15,https://github.com/raphischer/mlprops.git,main.py,file:///home/fischer/repos/mlprops#experiments/imagenet
e5a654c1c71f4f54875597c7aca2f44c,422148156924771234,FINISHED,file:///home/fischer/repos/mlprops/mlruns/422148156924771234/e5a654c1c71f4f54875597c7aca2f44c/artifacts,2024-10-23 09:03:23.915000+00:00,2024-10-23 09:05:19.280000+00:00,0.7377502918243408,0.9098691344261169,0.000788174892479895,7200312.0,1.1299710273742676,0.1564985259263629,99.98786685999949,Tensorflow 2.17.0,126860.0,4,/data/d1/fischer_diss/imagenet,Inference,120,0,NVIDIA GeForce RTX 4090,ImageNet (ILSVRC 2012),EfficientNetV2B0,PROJECT,https://github.com/raphischer/mlprops.git,fischer,conda,local,a0822d66e4fec0d0de375a547481817c78d9028b,omniscient-bird-467,https://github.com/raphischer/mlprops.git,main.py,file:///home/fischer/repos/mlprops#experiments/imagenet
abca64c213cd46889396f59fb4338d9d,422148156924771234,FINISHED,file:///home/fischer/repos/mlprops/mlruns/422148156924771234/abca64c213cd46889396f59fb4338d9d/artifacts,2024-10-23 09:00:37.864000+00:00,2024-10-23 09:03:20.511000+00:00,0.8286163806915283,0.9638364911079407,0.1879342850833319,66658687.0,0.8546596765518188,52.75943387204547,119.52620531299908,Tensorflow 2.17.0,636.0,4,/data/d1/fischer_diss/imagenet,Inference,120,1,13th Gen Intel(R) Core(TM) i9-13900K,ImageNet (ILSVRC 2012),EfficientNetB7,PROJECT,https://github.com/raphischer/mlprops.git,fischer,conda,local,a0822d66e4fec0d0de375a547481817c78d9028b,bouncy-shrimp-91,https://github.com/raphischer/mlprops.git,main.py,file:///home/fischer/repos/mlprops#experiments/imagenet
0b1d3c4935e04f10b50ac2622f9dbfa6,422148156924771234,FAILED,file:///home/fischer/repos/mlprops/mlruns/422148156924771234/0b1d3c4935e04f10b50ac2622f9dbfa6/artifacts,2024-10-23 09:00:26.317000+00:00,2024-10-23 09:00:36.738000+00:00,,,,,,,,Tensorflow 2.17.0,,4,/data/d1/fischer_diss/imagenet,Inference,120,1,13th Gen Intel(R) Core(TM) i9-13900K,ImageNet (ILSVRC 2012),EfficientNetB7,PROJECT,https://github.com/raphischer/mlprops.git,fischer,conda,local,a0822d66e4fec0d0de375a547481817c78d9028b,secretive-dog-370,https://github.com/raphischer/mlprops.git,main.py,file:///home/fischer/repos/mlprops#experiments/imagenet
b88e1aa542244d71820277fa4b49bab6,422148156924771234,FAILED,file:///home/fischer/repos/mlprops/mlruns/422148156924771234/b88e1aa542244d71820277fa4b49bab6/artifacts,2024-10-23 09:00:13.570000+00:00,2024-10-23 09:00:25.261000+00:00,,,,,,,,Tensorflow 2.17.0,,4,/data/d1/fischer_diss/imagenet,Inference,120,1,13th Gen Intel(R) Core(TM) i9-13900K,ImageNet (ILSVRC 2012),EfficientNetB7,PROJECT,https://github.com/raphischer/mlprops.git,fischer,conda,local,a0822d66e4fec0d0de375a547481817c78d9028b,persistent-whale-182,https://github.com/raphischer/mlprops.git,main.py,file:///home/fischer/repos/mlprops#experiments/imagenet
b105b2d6b6d84c6ab4c3e6923fb48f7b,422148156924771234,FAILED,file:///home/fischer/repos/mlprops/mlruns/422148156924771234/b105b2d6b6d84c6ab4c3e6923fb48f7b/artifacts,2024-10-23 08:59:59.817000+00:00,2024-10-23 09:00:12.469000+00:00,,,,,,,,Tensorflow 2.17.0,,4,/data/d1/fischer_diss/imagenet,Inference,120,1,13th Gen Intel(R) Core(TM) i9-13900K,ImageNet (ILSVRC 2012),EfficientNetB7,PROJECT,https://github.com/raphischer/mlprops.git,fischer,conda,local,a0822d66e4fec0d0de375a547481817c78d9028b,classy-pug-793,https://github.com/raphischer/mlprops.git,main.py,file:///home/fischer/repos/mlprops#experiments/imagenet
453c374e087546fdbd7a2b19bf5207ce,422148156924771234,FINISHED,file:///home/fischer/repos/mlprops/mlruns/422148156924771234/453c374e087546fdbd7a2b19bf5207ce/artifacts,2024-10-23 08:57:24.642000+00:00,2024-10-23 08:59:57.972000+00:00,0.828558623790741,0.9624552130699158,0.0067268919631824214,66658687.0,0.8368602395057678,2.616975814018254,120.22301316599624,Tensorflow 2.17.0,17872.0,4,/data/d1/fischer_diss/imagenet,Inference,120,0,NVIDIA GeForce RTX 4090,ImageNet (ILSVRC 2012),EfficientNetB7,PROJECT,https://github.com/raphischer/mlprops.git,fischer,conda,local,a0822d66e4fec0d0de375a547481817c78d9028b,upbeat-duck-407,https://github.com/raphischer/mlprops.git,main.py,file:///home/fischer/repos/mlprops#experiments/imagenet
65d1b482c1084a358b3880d7ce0ccd6a,422148156924771234,FINISHED,file:///home/fischer/repos/mlprops/mlruns/422148156924771234/65d1b482c1084a358b3880d7ce0ccd6a/artifacts,2024-10-23 08:54:41.261000+00:00,2024-10-23 08:57:21.285000+00:00,0.8272870779037476,0.9645110368728638,0.09544123475078939,43265143.0,0.8117267489433289,26.989361184010594,121.01948566400095,Tensorflow 2.17.0,1268.0,4,/data/d1/fischer_diss/imagenet,Inference,120,1,13th Gen Intel(R) Core(TM) i9-13900K,ImageNet (ILSVRC 2012),EfficientNetB6,PROJECT,https://github.com/raphischer/mlprops.git,fischer,conda,local,a0822d66e4fec0d0de375a547481817c78d9028b,useful-bee-554,https://github.com/raphischer/mlprops.git,main.py,file:///home/fischer/repos/mlprops#experiments/imagenet
2279fea896114ea48648cd23c32bb888,422148156924771234,FINISHED,file:///home/fischer/repos/mlprops/mlruns/422148156924771234/2279fea896114ea48648cd23c32bb888/artifacts,2024-10-23 08:51:58.360000+00:00,2024-10-23 08:54:39.439000+00:00,0.8262065649032593,0.9619132876396179,0.004463500662092293,43265143.0,0.8213735222816467,1.4802155791936158,134.6548879740003,Tensorflow 2.17.0,30168.0,4,/data/d1/fischer_diss/imagenet,Inference,120,0,NVIDIA GeForce RTX 4090,ImageNet (ILSVRC 2012),EfficientNetB6,PROJECT,https://github.com/raphischer/mlprops.git,fischer,conda,local,a0822d66e4fec0d0de375a547481817c78d9028b,stylish-stag-0,https://github.com/raphischer/mlprops.git,main.py,file:///home/fischer/repos/mlprops#experiments/imagenet
861be70820b5481cb5dd93fa77e5aba9,422148156924771234,FINISHED,file:///home/fischer/repos/mlprops/mlruns/422148156924771234/861be70820b5481cb5dd93fa77e5aba9/artifacts,2024-10-23 08:49:23.628000+00:00,2024-10-23 08:51:55.034000+00:00,0.8299832344055176,0.9627302885055542,0.050473241473200675,30562527.0,0.7899845242500305,15.484456177653769,120.5301006380032,Tensorflow 2.17.0,2388.0,4,/data/d1/fischer_diss/imagenet,Inference,120,1,13th Gen Intel(R) Core(TM) i9-13900K,ImageNet (ILSVRC 2012),EfficientNetB5,PROJECT,https://github.com/raphischer/mlprops.git,fischer,conda,local,a0822d66e4fec0d0de375a547481817c78d9028b,omniscient-cow-256,https://github.com/raphischer/mlprops.git,main.py,file:///home/fischer/repos/mlprops#experiments/imagenet
6053883d935c40c0951fc44797812b01,422148156924771234,FINISHED,file:///home/fischer/repos/mlprops/mlruns/422148156924771234/6053883d935c40c0951fc44797812b01/artifacts,2024-10-23 08:46:49.427000+00:00,2024-10-23 08:49:21.763000+00:00,0.8272650837898254,0.9619290232658386,0.0030746781793569837,30562527.0,0.7905668020248413,0.8619755801508836,131.39944667300006,Tensorflow 2.17.0,42736.0,4,/data/d1/fischer_diss/imagenet,Inference,120,0,NVIDIA GeForce RTX 4090,ImageNet (ILSVRC 2012),EfficientNetB5,PROJECT,https://github.com/raphischer/mlprops.git,fischer,conda,local,a0822d66e4fec0d0de375a547481817c78d9028b,trusting-worm-317,https://github.com/raphischer/mlprops.git,main.py,file:///home/fischer/repos/mlprops#experiments/imagenet
f93bbb6d7b7e4fb88f4188ca0e1e0090,422148156924771234,FAILED,file:///home/fischer/repos/mlprops/mlruns/422148156924771234/f93bbb6d7b7e4fb88f4188ca0e1e0090/artifacts,2024-10-23 08:46:44.850000+00:00,2024-10-23 08:46:48.339000+00:00,,,,,,,,,,,/data/d1/fischer_diss/imagenet,,120,0,,,EfficientNetB5,PROJECT,https://github.com/raphischer/mlprops.git,fischer,conda,local,a0822d66e4fec0d0de375a547481817c78d9028b,intrigued-mule-277,https://github.com/raphischer/mlprops.git,main.py,file:///home/fischer/repos/mlprops#experiments/imagenet
c261bd36bb654ef8901a69849719de63,422148156924771234,FAILED,file:///home/fischer/repos/mlprops/mlruns/422148156924771234/c261bd36bb654ef8901a69849719de63/artifacts,2024-10-23 08:46:40.282000+00:00,2024-10-23 08:46:43.763000+00:00,,,,,,,,,,,/data/d1/fischer_diss/imagenet,,120,0,,,EfficientNetB5,PROJECT,https://github.com/raphischer/mlprops.git,fischer,conda,local,a0822d66e4fec0d0de375a547481817c78d9028b,inquisitive-lark-395,https://github.com/raphischer/mlprops.git,main.py,file:///home/fischer/repos/mlprops#experiments/imagenet
389471b6206f43d19f94d001b2a63445,422148156924771234,FAILED,file:///home/fischer/repos/mlprops/mlruns/422148156924771234/389471b6206f43d19f94d001b2a63445/artifacts,2024-10-23 08:46:29.046000+00:00,2024-10-23 08:46:39.202000+00:00,,,,,,,,Tensorflow 2.17.0,,4,/data/d1/fischer_diss/imagenet,Inference,120,0,NVIDIA GeForce RTX 4090,ImageNet (ILSVRC 2012),EfficientNetB5,PROJECT,https://github.com/raphischer/mlprops.git,fischer,conda,local,a0822d66e4fec0d0de375a547481817c78d9028b,lyrical-stoat-140,https://github.com/raphischer/mlprops.git,main.py,file:///home/fischer/repos/mlprops#experiments/imagenet
58aeb5e9ae7e4f0a88ebb655ef110e91,422148156924771234,FAILED,file:///home/fischer/repos/mlprops/mlruns/422148156924771234/58aeb5e9ae7e4f0a88ebb655ef110e91/artifacts,2024-10-23 08:46:24.210000+00:00,2024-10-23 08:46:27.893000+00:00,,,,,,,,,,,/data/d1/fischer_diss/imagenet,,120,0,,,EfficientNetB5,PROJECT,https://github.com/raphischer/mlprops.git,fischer,conda,local,a0822d66e4fec0d0de375a547481817c78d9028b,popular-crab-809,https://github.com/raphischer/mlprops.git,main.py,file:///home/fischer/repos/mlprops#experiments/imagenet
50f67f9d52154db78ffbe378bb71021f,422148156924771234,FAILED,file:///home/fischer/repos/mlprops/mlruns/422148156924771234/50f67f9d52154db78ffbe378bb71021f/artifacts,2024-10-23 08:46:19.545000+00:00,2024-10-23 08:46:23.098000+00:00,,,,,,,,,,,/data/d1/fischer_diss/imagenet,,120,0,,,EfficientNetB5,PROJECT,https://github.com/raphischer/mlprops.git,fischer,conda,local,a0822d66e4fec0d0de375a547481817c78d9028b,thoughtful-lamb-983,https://github.com/raphischer/mlprops.git,main.py,file:///home/fischer/repos/mlprops#experiments/imagenet
9baf9fd9c8fb4a8788ec69df3db45e93,422148156924771234,FAILED,file:///home/fischer/repos/mlprops/mlruns/422148156924771234/9baf9fd9c8fb4a8788ec69df3db45e93/artifacts,2024-10-23 08:46:07.234000+00:00,2024-10-23 08:46:18.419000+00:00,,,,,,,,Tensorflow 2.17.0,,4,/data/d1/fischer_diss/imagenet,Inference,120,0,NVIDIA GeForce RTX 4090,ImageNet (ILSVRC 2012),EfficientNetB5,PROJECT,https://github.com/raphischer/mlprops.git,fischer,conda,local,a0822d66e4fec0d0de375a547481817c78d9028b,delicate-mink-390,https://github.com/raphischer/mlprops.git,main.py,file:///home/fischer/repos/mlprops#experiments/imagenet
48eedca6ffdd404b97d2ce26f8e61d4d,422148156924771234,FINISHED,file:///home/fischer/repos/mlprops/mlruns/422148156924771234/48eedca6ffdd404b97d2ce26f8e61d4d/artifacts,2024-10-23 08:43:37.526000+00:00,2024-10-23 08:46:04.099000+00:00,0.8248420357704163,0.9591231942176819,0.024194457178317957,19466823.0,0.8605931997299194,7.127052557228317,122.52073115100212,Tensorflow 2.17.0,5064.0,4,/data/d1/fischer_diss/imagenet,Inference,120,1,13th Gen Intel(R) Core(TM) i9-13900K,ImageNet (ILSVRC 2012),EfficientNetB4,PROJECT,https://github.com/raphischer/mlprops.git,fischer,conda,local,a0822d66e4fec0d0de375a547481817c78d9028b,aged-cub-532,https://github.com/raphischer/mlprops.git,main.py,file:///home/fischer/repos/mlprops#experiments/imagenet
ac871ce75d254697a8bf8c26ca9178c0,422148156924771234,FINISHED,file:///home/fischer/repos/mlprops/mlruns/422148156924771234/ac871ce75d254697a8bf8c26ca9178c0/artifacts,2024-10-23 08:41:40.429000+00:00,2024-10-23 08:43:35.628000+00:00,0.8209450840950012,0.9589735269546509,0.0020067386990074935,19466823.0,0.8588065505027771,0.46275482165797943,96.65256269899692,Tensorflow 2.17.0,48164.0,4,/data/d1/fischer_diss/imagenet,Inference,120,0,NVIDIA GeForce RTX 4090,ImageNet (ILSVRC 2012),EfficientNetB4,PROJECT,https://github.com/raphischer/mlprops.git,fischer,conda,local,a0822d66e4fec0d0de375a547481817c78d9028b,handsome-zebra-166,https://github.com/raphischer/mlprops.git,main.py,file:///home/fischer/repos/mlprops#experiments/imagenet
e4e773a81b814ff8b2dc2cf5e0105798,422148156924771234,FAILED,file:///home/fischer/repos/mlprops/mlruns/422148156924771234/e4e773a81b814ff8b2dc2cf5e0105798/artifacts,2024-10-23 08:41:29.157000+00:00,2024-10-23 08:41:39.284000+00:00,,,,,,,,Tensorflow 2.17.0,,4,/data/d1/fischer_diss/imagenet,Inference,120,0,NVIDIA GeForce RTX 4090,ImageNet (ILSVRC 2012),EfficientNetB4,PROJECT,https://github.com/raphischer/mlprops.git,fischer,conda,local,a0822d66e4fec0d0de375a547481817c78d9028b,caring-wasp-961,https://github.com/raphischer/mlprops.git,main.py,file:///home/fischer/repos/mlprops#experiments/imagenet
1b7e121ee1e9415d8a7126f3ae2a8261,422148156924771234,FINISHED,file:///home/fischer/repos/mlprops/mlruns/422148156924771234/1b7e121ee1e9415d8a7126f3ae2a8261/artifacts,2024-10-23 08:39:21.690000+00:00,2024-10-23 08:41:25.860000+00:00,0.8027907013893127,0.9430232644081116,0.022829329347441675,12320535.0,0.8878684639930725,2.4096840558388744,98.1661161939992,Tensorflow 2.17.0,4300.0,4,/data/d1/fischer_diss/imagenet,Inference,120,1,13th Gen Intel(R) Core(TM) i9-13900K,ImageNet (ILSVRC 2012),EfficientNetB3,PROJECT,https://github.com/raphischer/mlprops.git,fischer,conda,local,a0822d66e4fec0d0de375a547481817c78d9028b,thundering-shad-835,https://github.com/raphischer/mlprops.git,main.py,file:///home/fischer/repos/mlprops#experiments/imagenet
5a5d0200d8844b8fb088e5333a370b42,422148156924771234,FINISHED,file:///home/fischer/repos/mlprops/mlruns/422148156924771234/5a5d0200d8844b8fb088e5333a370b42/artifacts,2024-10-23 08:37:26.766000+00:00,2024-10-23 08:39:19.769000+00:00,0.8015457987785339,0.9471181631088257,0.0013641241642627277,12320535.0,0.8822564482688904,0.28697892246898865,94.95395482599996,Tensorflow 2.17.0,69608.0,4,/data/d1/fischer_diss/imagenet,Inference,120,0,NVIDIA GeForce RTX 4090,ImageNet (ILSVRC 2012),EfficientNetB3,PROJECT,https://github.com/raphischer/mlprops.git,fischer,conda,local,a0822d66e4fec0d0de375a547481817c78d9028b,selective-panda-274,https://github.com/raphischer/mlprops.git,main.py,file:///home/fischer/repos/mlprops#experiments/imagenet
83acdb44d4194888802f4c45cc4ad3d1,422148156924771234,FINISHED,file:///home/fischer/repos/mlprops/mlruns/422148156924771234/83acdb44d4194888802f4c45cc4ad3d1/artifacts,2024-10-23 08:34:46.914000+00:00,2024-10-23 08:37:23.521000+00:00,0.776289165019989,0.9314964413642883,0.030185942261375505,9177569.0,1.0111384391784668,2.38492026107363,119.4155875860015,Tensorflow 2.17.0,3956.0,4,/data/d1/fischer_diss/imagenet,Inference,120,1,13th Gen Intel(R) Core(TM) i9-13900K,ImageNet (ILSVRC 2012),EfficientNetB2,PROJECT,https://github.com/raphischer/mlprops.git,fischer,conda,local,a0822d66e4fec0d0de375a547481817c78d9028b,glamorous-conch-305,https://github.com/raphischer/mlprops.git,main.py,file:///home/fischer/repos/mlprops#experiments/imagenet
9b1964667d33402ebcadfcfbe639a4d9,422148156924771234,FAILED,file:///home/fischer/repos/mlprops/mlruns/422148156924771234/9b1964667d33402ebcadfcfbe639a4d9/artifacts,2024-10-23 08:34:37.247000+00:00,2024-10-23 08:34:45.841000+00:00,,,,,,,,Tensorflow 2.17.0,,4,/data/d1/fischer_diss/imagenet,Inference,120,1,13th Gen Intel(R) Core(TM) i9-13900K,ImageNet (ILSVRC 2012),EfficientNetB2,PROJECT,https://github.com/raphischer/mlprops.git,fischer,conda,local,a0822d66e4fec0d0de375a547481817c78d9028b,colorful-horse-954,https://github.com/raphischer/mlprops.git,main.py,file:///home/fischer/repos/mlprops#experiments/imagenet
9bc8c74672fc4f3b80e5d239033e72ea,422148156924771234,FINISHED,file:///home/fischer/repos/mlprops/mlruns/422148156924771234/9bc8c74672fc4f3b80e5d239033e72ea/artifacts,2024-10-23 08:31:48.464000+00:00,2024-10-23 08:34:35.296000+00:00,0.7714080810546875,0.9315487146377563,0.001075331779015397,9177569.0,1.002656102180481,0.218014179326066,149.83673008800542,Tensorflow 2.17.0,139340.0,4,/data/d1/fischer_diss/imagenet,Inference,120,0,NVIDIA GeForce RTX 4090,ImageNet (ILSVRC 2012),EfficientNetB2,PROJECT,https://github.com/raphischer/mlprops.git,fischer,conda,local,a0822d66e4fec0d0de375a547481817c78d9028b,unequaled-swan-655,https://github.com/raphischer/mlprops.git,main.py,file:///home/fischer/repos/mlprops#experiments/imagenet
4769cb6f98b24d1f8acb20e3a25e980c,422148156924771234,FINISHED,file:///home/fischer/repos/mlprops/mlruns/422148156924771234/4769cb6f98b24d1f8acb20e3a25e980c/artifacts,2024-10-23 08:29:13.239000+00:00,2024-10-23 08:31:45.212000+00:00,0.757415235042572,0.9209745526313782,0.0251034217565683,7856239.0,1.0594371557235718,1.986758726441415,118.48815069100236,Tensorflow 2.17.0,4720.0,4,/data/d1/fischer_diss/imagenet,Inference,120,1,13th Gen Intel(R) Core(TM) i9-13900K,ImageNet (ILSVRC 2012),EfficientNetB1,PROJECT,https://github.com/raphischer/mlprops.git,fischer,conda,local,a0822d66e4fec0d0de375a547481817c78d9028b,aged-turtle-395,https://github.com/raphischer/mlprops.git,main.py,file:///home/fischer/repos/mlprops#experiments/imagenet
de488277d52040e092c8d56e125922b2,422148156924771234,FINISHED,file:///home/fischer/repos/mlprops/mlruns/422148156924771234/de488277d52040e092c8d56e125922b2/artifacts,2024-10-23 08:26:44.149000+00:00,2024-10-23 08:29:11.367000+00:00,0.7554177641868591,0.9204415678977966,0.000979448694550589,7856239.0,1.059691071510315,0.19016102547132466,130.16481371099508,Tensorflow 2.17.0,132896.0,4,/data/d1/fischer_diss/imagenet,Inference,120,0,NVIDIA GeForce RTX 4090,ImageNet (ILSVRC 2012),EfficientNetB1,PROJECT,https://github.com/raphischer/mlprops.git,fischer,conda,local,a0822d66e4fec0d0de375a547481817c78d9028b,bittersweet-flea-93,https://github.com/raphischer/mlprops.git,main.py,file:///home/fischer/repos/mlprops#experiments/imagenet
5daa019be257421294a6b0793573db3a,422148156924771234,FINISHED,file:///home/fischer/repos/mlprops/mlruns/422148156924771234/5daa019be257421294a6b0793573db3a/artifacts,2024-10-23 08:24:15.140000+00:00,2024-10-23 08:26:41+00:00,0.7160000205039978,0.8954285979270935,0.01663671766357168,5330571.0,1.2672804594039917,1.28252391363288,116.45702364500175,Tensorflow 2.17.0,7000.0,4,/data/d1/fischer_diss/imagenet,Inference,120,1,13th Gen Intel(R) Core(TM) i9-13900K,ImageNet (ILSVRC 2012),EfficientNetB0,PROJECT,https://github.com/raphischer/mlprops.git,fischer,conda,local,a0822d66e4fec0d0de375a547481817c78d9028b,upset-seal-997,https://github.com/raphischer/mlprops.git,main.py,file:///home/fischer/repos/mlprops#experiments/imagenet
b983924d48164429866b9aa239448e50,422148156924771234,FINISHED,file:///home/fischer/repos/mlprops/mlruns/422148156924771234/b983924d48164429866b9aa239448e50/artifacts,2024-10-23 08:21:23.621000+00:00,2024-10-23 08:24:13.179000+00:00,0.7143908739089966,0.8943943381309509,0.0007546235479807148,5330571.0,1.2707598209381104,0.15138191939124598,156.88321713099867,Tensorflow 2.17.0,207896.0,4,/data/d1/fischer_diss/imagenet,Inference,120,0,NVIDIA GeForce RTX 4090,ImageNet (ILSVRC 2012),EfficientNetB0,PROJECT,https://github.com/raphischer/mlprops.git,fischer,conda,local,a0822d66e4fec0d0de375a547481817c78d9028b,dashing-fish-470,https://github.com/raphischer/mlprops.git,main.py,file:///home/fischer/repos/mlprops#experiments/imagenet
8ecb5c8b8b904c99a3df8b67669e7cc0,422148156924771234,FAILED,file:///home/fischer/repos/mlprops/mlruns/422148156924771234/8ecb5c8b8b904c99a3df8b67669e7cc0/artifacts,2024-10-23 08:21:16.369000+00:00,2024-10-23 08:21:22.525000+00:00,,,,,,,,Tensorflow 2.17.0,,4,/data/d1/fischer_diss/imagenet,Inference,120,0,NVIDIA GeForce RTX 4090,ImageNet (ILSVRC 2012),EfficientNetB0,PROJECT,https://github.com/raphischer/mlprops.git,fischer,conda,local,a0822d66e4fec0d0de375a547481817c78d9028b,unequaled-shoat-6,https://github.com/raphischer/mlprops.git,main.py,file:///home/fischer/repos/mlprops#experiments/imagenet
bc62f308a11e4ff6937b52f0f2913767,422148156924771234,FAILED,file:///home/fischer/repos/mlprops/mlruns/422148156924771234/bc62f308a11e4ff6937b52f0f2913767/artifacts,2024-10-23 08:21:07.657000+00:00,2024-10-23 08:21:15.301000+00:00,,,,,,,,Tensorflow 2.17.0,,4,/data/d1/fischer_diss/imagenet,Inference,120,0,NVIDIA GeForce RTX 4090,ImageNet (ILSVRC 2012),EfficientNetB0,PROJECT,https://github.com/raphischer/mlprops.git,fischer,conda,local,a0822d66e4fec0d0de375a547481817c78d9028b,ambitious-smelt-552,https://github.com/raphischer/mlprops.git,main.py,file:///home/fischer/repos/mlprops#experiments/imagenet
5e8a330f095a41e5a415b0ab6f55fa16,422148156924771234,FINISHED,file:///home/fischer/repos/mlprops/mlruns/422148156924771234/5e8a330f095a41e5a415b0ab6f55fa16/artifacts,2024-10-23 08:18:26.383000+00:00,2024-10-23 08:21:04.639000+00:00,0.7311557531356812,0.9007537961006165,0.04874435604062054,20242984.0,1.1650670766830444,4.252470059961558,116.40152222500184,Tensorflow 2.17.0,2388.0,4,/data/d1/fischer_diss/imagenet,Inference,120,1,13th Gen Intel(R) Core(TM) i9-13900K,ImageNet (ILSVRC 2012),DenseNet201,PROJECT,https://github.com/raphischer/mlprops.git,fischer,conda,local,a0822d66e4fec0d0de375a547481817c78d9028b,indecisive-snipe-619,https://github.com/raphischer/mlprops.git,main.py,file:///home/fischer/repos/mlprops#experiments/imagenet
bef2a90497ba41068b65ba4f5926665e,422148156924771234,FINISHED,file:///home/fischer/repos/mlprops/mlruns/422148156924771234/bef2a90497ba41068b65ba4f5926665e/artifacts,2024-10-23 08:16:16.752000+00:00,2024-10-23 08:18:24.486000+00:00,0.72577965259552,0.8994212746620178,0.0028228652972351644,20242984.0,1.1738536357879639,0.43399865861926695,105.36062435400528,Tensorflow 2.17.0,37324.0,4,/data/d1/fischer_diss/imagenet,Inference,120,0,NVIDIA GeForce RTX 4090,ImageNet (ILSVRC 2012),DenseNet201,PROJECT,https://github.com/raphischer/mlprops.git,fischer,conda,local,a0822d66e4fec0d0de375a547481817c78d9028b,fortunate-pug-33,https://github.com/raphischer/mlprops.git,main.py,file:///home/fischer/repos/mlprops#experiments/imagenet
9fce540cc3a141c6b4c0b82b2ec5eb00,422148156924771234,FINISHED,file:///home/fischer/repos/mlprops/mlruns/422148156924771234/9fce540cc3a141c6b4c0b82b2ec5eb00/artifacts,2024-10-23 08:13:38.842000+00:00,2024-10-23 08:16:13.745000+00:00,0.7072368264198303,0.894138753414154,0.03409918287111156,14307880.0,1.287545919418335,3.1445568280402756,114.02766752099706,Tensorflow 2.17.0,3344.0,4,/data/d1/fischer_diss/imagenet,Inference,120,1,13th Gen Intel(R) Core(TM) i9-13900K,ImageNet (ILSVRC 2012),DenseNet169,PROJECT,https://github.com/raphischer/mlprops.git,fischer,conda,local,a0822d66e4fec0d0de375a547481817c78d9028b,kindly-hound-738,https://github.com/raphischer/mlprops.git,main.py,file:///home/fischer/repos/mlprops#experiments/imagenet
d90fa530f2b24f52866515315ce9a095,422148156924771234,FINISHED,file:///home/fischer/repos/mlprops/mlruns/422148156924771234/d90fa530f2b24f52866515315ce9a095/artifacts,2024-10-23 08:10:59.095000+00:00,2024-10-23 08:13:36.937000+00:00,0.7125658392906189,0.8955376744270325,0.002138698117895874,14307880.0,1.2585535049438477,0.34019608463861667,138.03157652899972,Tensorflow 2.17.0,64540.0,4,/data/d1/fischer_diss/imagenet,Inference,120,0,NVIDIA GeForce RTX 4090,ImageNet (ILSVRC 2012),DenseNet169,PROJECT,https://github.com/raphischer/mlprops.git,fischer,conda,local,a0822d66e4fec0d0de375a547481817c78d9028b,wise-bat-446,https://github.com/raphischer/mlprops.git,main.py,file:///home/fischer/repos/mlprops#experiments/imagenet
4de9ccfeb9d14656829dd5d4caef6235,422148156924771234,FINISHED,file:///home/fischer/repos/mlprops/mlruns/422148156924771234/4de9ccfeb9d14656829dd5d4caef6235/artifacts,2024-10-23 08:08:23.933000+00:00,2024-10-23 08:10:55.988000+00:00,0.6959525942802429,0.8845014572143555,0.028935089313919804,8062504.0,1.2847168445587158,2.556236885641125,117.24498190000304,Tensorflow 2.17.0,4052.0,4,/data/d1/fischer_diss/imagenet,Inference,120,1,13th Gen Intel(R) Core(TM) i9-13900K,ImageNet (ILSVRC 2012),DenseNet121,PROJECT,https://github.com/raphischer/mlprops.git,fischer,conda,local,a0822d66e4fec0d0de375a547481817c78d9028b,efficient-fawn-155,https://github.com/raphischer/mlprops.git,main.py,file:///home/fischer/repos/mlprops#experiments/imagenet
9c728fba197d445b862758acdfb435c2,422148156924771234,FINISHED,file:///home/fischer/repos/mlprops/mlruns/422148156924771234/9c728fba197d445b862758acdfb435c2/artifacts,2024-10-23 08:05:58.686000+00:00,2024-10-23 08:08:22.072000+00:00,0.6925210356712341,0.8828571438789368,0.0009710994438655044,8062504.0,1.2993597984313965,0.2289399588083853,127.11691720199453,Tensorflow 2.17.0,130900.0,4,/data/d1/fischer_diss/imagenet,Inference,120,0,NVIDIA GeForce RTX 4090,ImageNet (ILSVRC 2012),DenseNet121,PROJECT,https://github.com/raphischer/mlprops.git,fischer,conda,local,a0822d66e4fec0d0de375a547481817c78d9028b,mysterious-rook-227,https://github.com/raphischer/mlprops.git,main.py,file:///home/fischer/repos/mlprops#experiments/imagenet
4a857993d6af4ac18fd706475779333f,422148156924771234,FINISHED,file:///home/fischer/repos/mlprops/mlruns/422148156924771234/4a857993d6af4ac18fd706475779333f/artifacts,2024-10-23 08:03:16.955000+00:00,2024-10-23 08:05:55.617000+00:00,0.7645348906517029,0.9316860437393188,0.17421178948256436,28589128.0,1.0318560600280762,26.114821779616225,119.85771116400429,Tensorflow 2.17.0,688.0,4,/data/d1/fischer_diss/imagenet,Inference,120,1,13th Gen Intel(R) Core(TM) i9-13900K,ImageNet (ILSVRC 2012),ConvNeXtTiny,PROJECT,https://github.com/raphischer/mlprops.git,fischer,conda,local,a0822d66e4fec0d0de375a547481817c78d9028b,clumsy-shrimp-933,https://github.com/raphischer/mlprops.git,main.py,file:///home/fischer/repos/mlprops#experiments/imagenet
497ab2048a384df3bc282f9aa5079fe7,422148156924771234,FINISHED,file:///home/fischer/repos/mlprops/mlruns/422148156924771234/497ab2048a384df3bc282f9aa5079fe7/artifacts,2024-10-23 08:01:01.607000+00:00,2024-10-23 08:03:15.035000+00:00,0.7770366072654724,0.9321070313453674,0.0005682414990142477,28589128.0,0.9931131601333618,0.20440647575771742,118.74883549800144,Tensorflow 2.17.0,208976.0,4,/data/d1/fischer_diss/imagenet,Inference,120,0,NVIDIA GeForce RTX 4090,ImageNet (ILSVRC 2012),ConvNeXtTiny,PROJECT,https://github.com/raphischer/mlprops.git,fischer,conda,local,a0822d66e4fec0d0de375a547481817c78d9028b,youthful-zebra-112,https://github.com/raphischer/mlprops.git,main.py,file:///home/fischer/repos/mlprops#experiments/imagenet
55d13fc384d049cab8f9b8fb48581a7b,422148156924771234,FINISHED,file:///home/fischer/repos/mlprops/mlruns/422148156924771234/55d13fc384d049cab8f9b8fb48581a7b/artifacts,2024-10-23 07:58:14.048000+00:00,2024-10-23 08:00:58.553000+00:00,0.770348846912384,0.944767415523529,0.3511734617877876,50223688.0,0.957546055316925,49.179515112204065,120.80367085499893,Tensorflow 2.17.0,344.0,4,/data/d1/fischer_diss/imagenet,Inference,120,1,13th Gen Intel(R) Core(TM) i9-13900K,ImageNet (ILSVRC 2012),ConvNeXtSmall,PROJECT,https://github.com/raphischer/mlprops.git,fischer,conda,local,a0822d66e4fec0d0de375a547481817c78d9028b,colorful-shad-482,https://github.com/raphischer/mlprops.git,main.py,file:///home/fischer/repos/mlprops#experiments/imagenet
2241f776e8854275b608e4dcabde3fa7,422148156924771234,FINISHED,file:///home/fischer/repos/mlprops/mlruns/422148156924771234/2241f776e8854275b608e4dcabde3fa7/artifacts,2024-10-23 07:55:56.380000+00:00,2024-10-23 07:58:12.384000+00:00,0.7920957803726196,0.9396657347679138,0.0010791319925926022,50223688.0,0.9030688405036926,0.3159567408370765,119.45991158000106,Tensorflow 2.17.0,110700.0,4,/data/d1/fischer_diss/imagenet,Inference,120,0,NVIDIA GeForce RTX 4090,ImageNet (ILSVRC 2012),ConvNeXtSmall,PROJECT,https://github.com/raphischer/mlprops.git,fischer,conda,local,a0822d66e4fec0d0de375a547481817c78d9028b,respected-cod-58,https://github.com/raphischer/mlprops.git,main.py,file:///home/fischer/repos/mlprops#experiments/imagenet
20f7f3d2655048d684326fde4fe296ad,422148156924771234,FINISHED,file:///home/fischer/repos/mlprops/mlruns/422148156924771234/20f7f3d2655048d684326fde4fe296ad/artifacts,2024-10-23 07:53:06.004000+00:00,2024-10-23 07:55:53.378000+00:00,0.7890625,0.95703125,0.46705922955075607,88591464.0,0.7941158413887024,67.05538498468968,119.56716276499355,Tensorflow 2.17.0,256.0,4,/data/d1/fischer_diss/imagenet,Inference,120,1,13th Gen Intel(R) Core(TM) i9-13900K,ImageNet (ILSVRC 2012),ConvNeXtBase,PROJECT,https://github.com/raphischer/mlprops.git,fischer,conda,local,a0822d66e4fec0d0de375a547481817c78d9028b,amazing-smelt-811,https://github.com/raphischer/mlprops.git,main.py,file:///home/fischer/repos/mlprops#experiments/imagenet
186e31d90bb54d95921f0a2559517b93,422148156924771234,FINISHED,file:///home/fischer/repos/mlprops/mlruns/422148156924771234/186e31d90bb54d95921f0a2559517b93/artifacts,2024-10-23 07:50:47.257000+00:00,2024-10-23 07:53:04.043000+00:00,0.8195492625236511,0.9577656388282776,0.0013218356867266213,88591464.0,0.7360077500343323,0.4206669475664747,118.36774207499548,Tensorflow 2.17.0,89548.0,4,/data/d1/fischer_diss/imagenet,Inference,120,0,NVIDIA GeForce RTX 4090,ImageNet (ILSVRC 2012),ConvNeXtBase,PROJECT,https://github.com/raphischer/mlprops.git,fischer,conda,local,a0822d66e4fec0d0de375a547481817c78d9028b,masked-koi-528,https://github.com/raphischer/mlprops.git,main.py,file:///home/fischer/repos/mlprops#experiments/imagenet

