run_id,experiment_id,status,artifact_uri,start_time,end_time,metrics.sparse_top_k_categorical_accuracy,metrics.loss,metrics.corr_loss,metrics.corr_sparse_top_k_categorical_accuracy,metrics.sparse_categorical_accuracy,metrics.power_draw,metrics.fsize,metrics.time_total,metrics.corr_sparse_categorical_accuracy,metrics.running_time,metrics.parameters,params.datadir,params.task,params.batch_size,params.nogpu,params.software,params.n_samples,params.architecture,params.model,params.dataset,params.seconds,tags.mlflow.user,tags.mlflow.project.env,tags.mlflow.runName,tags.mlflow.project.backend,tags.mlflow.source.name,tags.mlflow.source.type,tags.mlflow.project.entryPoint,tags.mlflow.gitRepoURL,tags.mlflow.source.git.repoURL,tags.mlflow.source.git.commit
8d2a2929c73b4992a6fe9f76fc8eee60,953791907478522668,FINISHED,file:///home/fischer/repos/ai-efficiency-testbed/mlruns/953791907478522668/8d2a2929c73b4992a6fe9f76fc8eee60/artifacts,2025-03-12 17:02:53.034000+00:00,2025-03-12 17:24:36.039000+00:00,0.9648600220680237,0.6583829522132874,1.0088791847229004,0.924239993095398,0.8369600176811218,2.2035978498774815,1401494116.0,512.5379934979137,0.7588000297546387,0.010250759869958274,350196968.0,/data/d1/fischer_diss/imagenet,Inference,1,0,Tensorflow 2.18.0,50000,NVIDIA GeForce RTX 4090,ConvNeXtXLarge,ImageNet (ILSVRC 2012),0,fischer,conda,peaceful-conch-442,local,file:///home/fischer/repos/ai-efficiency-testbed#experiments/imagenet,PROJECT,main.py,https://github.com/raphischer/ai-efficiency-testbed.git,https://github.com/raphischer/ai-efficiency-testbed.git,ac6a444457d5d42ddf031ec8418611635fda981d
0cb11bb200a643c6868ee35c06777521,953791907478522668,FINISHED,file:///home/fischer/repos/ai-efficiency-testbed/mlruns/953791907478522668/0cb11bb200a643c6868ee35c06777521/artifacts,2025-03-12 16:43:44.948000+00:00,2025-03-12 17:02:49.716000+00:00,0.9626399874687195,0.6830966472625732,1.0721169710159302,0.9164400100708008,0.8317599892616272,1.4467694238074735,791787712.0,455.7251518110279,0.743619978427887,0.009114503036220557,197767336.0,/data/d1/fischer_diss/imagenet,Inference,1,0,Tensorflow 2.18.0,50000,NVIDIA GeForce RTX 4090,ConvNeXtLarge,ImageNet (ILSVRC 2012),0,fischer,conda,charming-skink-484,local,file:///home/fischer/repos/ai-efficiency-testbed#experiments/imagenet,PROJECT,main.py,https://github.com/raphischer/ai-efficiency-testbed.git,https://github.com/raphischer/ai-efficiency-testbed.git,ac6a444457d5d42ddf031ec8418611635fda981d
458a67a5e7f24e24a78b2385d6f23b87,953791907478522668,FINISHED,file:///home/fischer/repos/ai-efficiency-testbed/mlruns/953791907478522668/458a67a5e7f24e24a78b2385d6f23b87/artifacts,2025-03-12 16:32:57.974000+00:00,2025-03-12 16:43:41.517000+00:00,0.9320200085639954,0.9947128295898438,1.6287404298782349,0.8464400172233582,0.7766000032424927,0.44708940500195515,114756928.0,169.17254617903382,0.6509400010108948,0.0033834509235806764,28589128.0,/data/d1/fischer_diss/imagenet,Inference,1,0,Tensorflow 2.18.0,50000,NVIDIA GeForce RTX 4090,ConvNeXtTiny,ImageNet (ILSVRC 2012),0,fischer,conda,placid-stork-8,local,file:///home/fischer/repos/ai-efficiency-testbed#experiments/imagenet,PROJECT,main.py,https://github.com/raphischer/ai-efficiency-testbed.git,https://github.com/raphischer/ai-efficiency-testbed.git,ac6a444457d5d42ddf031ec8418611635fda981d
b82fe038be92444084256025f7d13c79,953791907478522668,FINISHED,file:///home/fischer/repos/ai-efficiency-testbed/mlruns/953791907478522668/b82fe038be92444084256025f7d13c79/artifacts,2025-03-12 16:31:00.848000+00:00,2025-03-12 16:32:54.501000+00:00,0.939520001411438,0.9056535363197327,1.4312845468521118,0.8705800175666809,0.7912799715995789,0.2747602221964128,201651336.0,47.93148023984395,0.6792200207710266,0.000958629604796879,50223688.0,/data/d1/fischer_diss/imagenet,Inference,32,0,Tensorflow 2.18.0,50000,NVIDIA GeForce RTX 4090,ConvNeXtSmall,ImageNet (ILSVRC 2012),0,fischer,conda,resilient-shrew-485,local,file:///home/fischer/repos/ai-efficiency-testbed#experiments/imagenet,PROJECT,main.py,https://github.com/raphischer/ai-efficiency-testbed.git,https://github.com/raphischer/ai-efficiency-testbed.git,ac6a444457d5d42ddf031ec8418611635fda981d
76a5e4c755294ecd8780f2528bb87480,953791907478522668,FINISHED,file:///home/fischer/repos/ai-efficiency-testbed/mlruns/953791907478522668/76a5e4c755294ecd8780f2528bb87480/artifacts,2025-03-12 16:28:13.211000+00:00,2025-03-12 16:30:57.448000+00:00,0.9577199816703796,0.7365430593490601,1.119176983833313,0.910539984703064,0.8195400238037109,0.4192802416926504,355067780.0,73.5708007439971,0.7318400144577026,0.001471416014879942,88591464.0,/data/d1/fischer_diss/imagenet,Inference,16,0,Tensorflow 2.18.0,50000,NVIDIA GeForce RTX 4090,ConvNeXtBase,ImageNet (ILSVRC 2012),0,fischer,conda,respected-croc-375,local,file:///home/fischer/repos/ai-efficiency-testbed#experiments/imagenet,PROJECT,main.py,https://github.com/raphischer/ai-efficiency-testbed.git,https://github.com/raphischer/ai-efficiency-testbed.git,ac6a444457d5d42ddf031ec8418611635fda981d
2c0607fac48a4db98db350f97db0e420,953791907478522668,FAILED,file:///home/fischer/repos/ai-efficiency-testbed/mlruns/953791907478522668/2c0607fac48a4db98db350f97db0e420/artifacts,2025-03-12 16:27:53.666000+00:00,2025-03-12 16:28:12.196000+00:00,,,,,,,,,,,,/data/d1/fischer_diss/imagenet,Inference,16,0,Tensorflow 2.18.0,,NVIDIA GeForce RTX 4090,ConvNeXtBase,ImageNet (ILSVRC 2012),0,fischer,conda,monumental-panda-649,local,file:///home/fischer/repos/ai-efficiency-testbed#experiments/imagenet,PROJECT,main.py,https://github.com/raphischer/ai-efficiency-testbed.git,https://github.com/raphischer/ai-efficiency-testbed.git,ac6a444457d5d42ddf031ec8418611635fda981d
35706f1fdff149c5b7e1ab1a2b6dc58b,953791907478522668,FINISHED,file:///home/fischer/repos/ai-efficiency-testbed/mlruns/953791907478522668/35706f1fdff149c5b7e1ab1a2b6dc58b/artifacts,2025-03-12 16:24:40.916000+00:00,2025-03-12 16:27:50.256000+00:00,0.8651400208473206,1.4188693761825562,4.335464000701904,0.48245999217033386,0.6670600175857544,0.4544934077352528,574745648.0,67.82411193987355,0.30583998560905457,0.001356482238797471,143667240.0,/data/d1/fischer_diss/imagenet,Inference,4,0,Tensorflow 2.18.0,50000,NVIDIA GeForce RTX 4090,VGG19,ImageNet (ILSVRC 2012),0,fischer,conda,agreeable-sponge-148,local,file:///home/fischer/repos/ai-efficiency-testbed#experiments/imagenet,PROJECT,main.py,https://github.com/raphischer/ai-efficiency-testbed.git,https://github.com/raphischer/ai-efficiency-testbed.git,ac6a444457d5d42ddf031ec8418611635fda981d
caf89ed573e04473babb815ea510333c,953791907478522668,FINISHED,file:///home/fischer/repos/ai-efficiency-testbed/mlruns/953791907478522668/caf89ed573e04473babb815ea510333c/artifacts,2025-03-12 16:21:49.735000+00:00,2025-03-12 16:24:37.846000+00:00,0.8666200041770935,1.4126662015914917,3.946058511734009,0.5031999945640564,0.6703199744224548,0.3857367363976656,553499016.0,57.030194013845176,0.3163599967956543,0.0011406038802769035,138357544.0,/data/d1/fischer_diss/imagenet,Inference,4,0,Tensorflow 2.18.0,50000,NVIDIA GeForce RTX 4090,VGG16,ImageNet (ILSVRC 2012),0,fischer,conda,gentle-crab-620,local,file:///home/fischer/repos/ai-efficiency-testbed#experiments/imagenet,PROJECT,main.py,https://github.com/raphischer/ai-efficiency-testbed.git,https://github.com/raphischer/ai-efficiency-testbed.git,ac6a444457d5d42ddf031ec8418611635fda981d
bbeb1e5bd54d4723aa384698e2c26b05,953791907478522668,FINISHED,file:///home/fischer/repos/ai-efficiency-testbed/mlruns/953791907478522668/bbeb1e5bd54d4723aa384698e2c26b05/artifacts,2025-03-12 16:19:23.221000+00:00,2025-03-12 16:21:46.221000+00:00,0.9350799918174744,0.9770664572715759,3.7740015983581543,0.538320004940033,0.7770799994468689,0.3457979726151168,92005024.0,65.56453591398895,0.35659998655319214,0.0013112907182797789,22910480.0,/data/d1/fischer_diss/imagenet,Inference,8,0,Tensorflow 2.18.0,50000,NVIDIA GeForce RTX 4090,Xception,ImageNet (ILSVRC 2012),0,fischer,conda,skillful-hare-981,local,file:///home/fischer/repos/ai-efficiency-testbed#experiments/imagenet,PROJECT,main.py,https://github.com/raphischer/ai-efficiency-testbed.git,https://github.com/raphischer/ai-efficiency-testbed.git,ac6a444457d5d42ddf031ec8418611635fda981d
8a3dff9d2340477e8849ee79756a6075,953791907478522668,FINISHED,file:///home/fischer/repos/ai-efficiency-testbed/mlruns/953791907478522668/8a3dff9d2340477e8849ee79756a6075/artifacts,2025-03-12 16:17:56.317000+00:00,2025-03-12 16:19:19.911000+00:00,0.8813400268554688,1.3474715948104858,2.9408514499664307,0.6435800194740295,0.6956800222396851,0.12048409638736558,23355280.0,36.73003985197283,0.4339999854564667,0.0007346007970394566,5326716.0,/data/d1/fischer_diss/imagenet,Inference,32,0,Tensorflow 2.18.0,50000,NVIDIA GeForce RTX 4090,NASNetMobile,ImageNet (ILSVRC 2012),0,fischer,conda,rebellious-bug-95,local,file:///home/fischer/repos/ai-efficiency-testbed#experiments/imagenet,PROJECT,main.py,https://github.com/raphischer/ai-efficiency-testbed.git,https://github.com/raphischer/ai-efficiency-testbed.git,ac6a444457d5d42ddf031ec8418611635fda981d
ec481e808af7417c95640e78fb1d9330,953791907478522668,FAILED,file:///home/fischer/repos/ai-efficiency-testbed/mlruns/953791907478522668/ec481e808af7417c95640e78fb1d9330/artifacts,2025-03-12 16:17:43.614000+00:00,2025-03-12 16:17:55.371000+00:00,,,,,,,,,,,,/data/d1/fischer_diss/imagenet,Inference,32,0,Tensorflow 2.18.0,,NVIDIA GeForce RTX 4090,NASNetMobile,ImageNet (ILSVRC 2012),0,fischer,conda,righteous-robin-195,local,file:///home/fischer/repos/ai-efficiency-testbed#experiments/imagenet,PROJECT,main.py,https://github.com/raphischer/ai-efficiency-testbed.git,https://github.com/raphischer/ai-efficiency-testbed.git,ac6a444457d5d42ddf031ec8418611635fda981d
d7bf9b4c49384604b35d7cb5b0319dd3,953791907478522668,FAILED,file:///home/fischer/repos/ai-efficiency-testbed/mlruns/953791907478522668/d7bf9b4c49384604b35d7cb5b0319dd3/artifacts,2025-03-12 16:17:29.207000+00:00,2025-03-12 16:17:42.659000+00:00,,,,,,,,,,,,/data/d1/fischer_diss/imagenet,Inference,32,0,Tensorflow 2.18.0,,NVIDIA GeForce RTX 4090,NASNetMobile,ImageNet (ILSVRC 2012),0,fischer,conda,masked-perch-525,local,file:///home/fischer/repos/ai-efficiency-testbed#experiments/imagenet,PROJECT,main.py,https://github.com/raphischer/ai-efficiency-testbed.git,https://github.com/raphischer/ai-efficiency-testbed.git,ac6a444457d5d42ddf031ec8418611635fda981d
eb544cf4d8a143e4901e25d046132cc1,953791907478522668,FINISHED,file:///home/fischer/repos/ai-efficiency-testbed/mlruns/953791907478522668/eb544cf4d8a143e4901e25d046132cc1/artifacts,2025-03-12 16:10:40.611000+00:00,2025-03-12 16:17:25.827000+00:00,0.9556199908256531,0.8375389575958252,3.1062493324279785,0.6676200032234192,0.817300021648407,1.0495637936572462,358499960.0,177.8196400788147,0.4754599928855896,0.003556392801576294,88949818.0,/data/d1/fischer_diss/imagenet,Inference,16,0,Tensorflow 2.18.0,50000,NVIDIA GeForce RTX 4090,NASNetLarge,ImageNet (ILSVRC 2012),0,fischer,conda,secretive-vole-466,local,file:///home/fischer/repos/ai-efficiency-testbed#experiments/imagenet,PROJECT,main.py,https://github.com/raphischer/ai-efficiency-testbed.git,https://github.com/raphischer/ai-efficiency-testbed.git,ac6a444457d5d42ddf031ec8418611635fda981d
10f4a2266af5416f808d56114e1c2e62,953791907478522668,FINISHED,file:///home/fischer/repos/ai-efficiency-testbed/mlruns/953791907478522668/10f4a2266af5416f808d56114e1c2e62/artifacts,2025-03-12 16:07:45.222000+00:00,2025-03-12 16:10:37.534000+00:00,0.9637200236320496,0.7200473546981812,2.933814287185669,0.6345400214195251,0.8310999870300293,0.380712200000436,87748424.0,79.0593196710106,0.4424799978733063,0.001581186393420212,21612360.0,/data/d1/fischer_diss/imagenet,Inference,16,0,Tensorflow 2.18.0,50000,NVIDIA GeForce RTX 4090,EfficientNetV2S,ImageNet (ILSVRC 2012),0,fischer,conda,dapper-lynx-28,local,file:///home/fischer/repos/ai-efficiency-testbed#experiments/imagenet,PROJECT,main.py,https://github.com/raphischer/ai-efficiency-testbed.git,https://github.com/raphischer/ai-efficiency-testbed.git,ac6a444457d5d42ddf031ec8418611635fda981d
c2f319ae3d4645f3a5ff79844f3832f6,953791907478522668,FINISHED,file:///home/fischer/repos/ai-efficiency-testbed/mlruns/953791907478522668/c2f319ae3d4645f3a5ff79844f3832f6/artifacts,2025-03-12 16:00:33.833000+00:00,2025-03-12 16:07:41.916000+00:00,0.9690399765968323,1.5479395389556885,3.6230077743530273,0.7200999855995178,0.8395599722862244,0.9901931074029575,219624760.0,194.2865544268861,0.5174999833106995,0.003885731088537722,54431388.0,/data/d1/fischer_diss/imagenet,Inference,8,0,Tensorflow 2.18.0,50000,NVIDIA GeForce RTX 4090,EfficientNetV2M,ImageNet (ILSVRC 2012),0,fischer,conda,orderly-elk-803,local,file:///home/fischer/repos/ai-efficiency-testbed#experiments/imagenet,PROJECT,main.py,https://github.com/raphischer/ai-efficiency-testbed.git,https://github.com/raphischer/ai-efficiency-testbed.git,ac6a444457d5d42ddf031ec8418611635fda981d
6f10ead8547d467fb3e535968d46fa9f,953791907478522668,FINISHED,file:///home/fischer/repos/ai-efficiency-testbed/mlruns/953791907478522668/6f10ead8547d467fb3e535968d46fa9f/artifacts,2025-03-12 15:49:28.823000+00:00,2025-03-12 16:00:30.680000+00:00,0.9702600240707397,1.5727293491363525,3.5233657360076904,0.758899986743927,0.8462200164794922,1.7704449691003297,478713688.0,304.14448135113344,0.563979983329773,0.006082889627022668,119027848.0,/data/d1/fischer_diss/imagenet,Inference,8,0,Tensorflow 2.18.0,50000,NVIDIA GeForce RTX 4090,EfficientNetV2L,ImageNet (ILSVRC 2012),0,fischer,conda,rogue-shrew-253,local,file:///home/fischer/repos/ai-efficiency-testbed#experiments/imagenet,PROJECT,main.py,https://github.com/raphischer/ai-efficiency-testbed.git,https://github.com/raphischer/ai-efficiency-testbed.git,ac6a444457d5d42ddf031ec8418611635fda981d
eaff32aac4bf4e29848d926eede9f5f8,953791907478522668,FINISHED,file:///home/fischer/repos/ai-efficiency-testbed/mlruns/953791907478522668/eaff32aac4bf4e29848d926eede9f5f8/artifacts,2025-03-12 15:46:28.122000+00:00,2025-03-12 15:49:25.517000+00:00,0.9487000107765198,0.8310708403587341,2.9027833938598633,0.650600016117096,0.8044599890708923,0.2453200441251912,58921976.0,74.37115394906141,0.4522800147533417,0.0014874230789812281,14467622.0,/data/d1/fischer_diss/imagenet,Inference,8,0,Tensorflow 2.18.0,50000,NVIDIA GeForce RTX 4090,EfficientNetV2B3,ImageNet (ILSVRC 2012),0,fischer,conda,rumbling-conch-50,local,file:///home/fischer/repos/ai-efficiency-testbed#experiments/imagenet,PROJECT,main.py,https://github.com/raphischer/ai-efficiency-testbed.git,https://github.com/raphischer/ai-efficiency-testbed.git,ac6a444457d5d42ddf031ec8418611635fda981d
7996aacff748415ba0771396c0a4390a,953791907478522668,FINISHED,file:///home/fischer/repos/ai-efficiency-testbed/mlruns/953791907478522668/7996aacff748415ba0771396c0a4390a/artifacts,2025-03-12 15:42:25.767000+00:00,2025-03-12 15:46:24.774000+00:00,0.9299799799919128,0.970464825630188,2.8730297088623047,0.6476399898529053,0.7737600207328796,0.23967608795553602,41620552.0,79.21939279604703,0.44995999336242676,0.0015843878559209407,10178374.0,/data/d1/fischer_diss/imagenet,Inference,4,0,Tensorflow 2.18.0,50000,NVIDIA GeForce RTX 4090,EfficientNetV2B2,ImageNet (ILSVRC 2012),0,fischer,conda,victorious-robin-339,local,file:///home/fischer/repos/ai-efficiency-testbed#experiments/imagenet,PROJECT,main.py,https://github.com/raphischer/ai-efficiency-testbed.git,https://github.com/raphischer/ai-efficiency-testbed.git,ac6a444457d5d42ddf031ec8418611635fda981d
afe32d9759984d799bc8f3f2755f3e44,953791907478522668,FINISHED,file:///home/fischer/repos/ai-efficiency-testbed/mlruns/953791907478522668/afe32d9759984d799bc8f3f2755f3e44/artifacts,2025-03-12 15:39:57.794000+00:00,2025-03-12 15:42:22.576000+00:00,0.9225199818611145,1.0346428155899048,3.0132131576538086,0.6285200119018555,0.7586600184440613,0.16119092231568,33715560.0,60.69950969493948,0.4330599904060364,0.0012139901938987897,8212124.0,/data/d1/fischer_diss/imagenet,Inference,8,0,Tensorflow 2.18.0,50000,NVIDIA GeForce RTX 4090,EfficientNetV2B1,ImageNet (ILSVRC 2012),0,fischer,conda,victorious-skunk-268,local,file:///home/fischer/repos/ai-efficiency-testbed#experiments/imagenet,PROJECT,main.py,https://github.com/raphischer/ai-efficiency-testbed.git,https://github.com/raphischer/ai-efficiency-testbed.git,ac6a444457d5d42ddf031ec8418611635fda981d
1a9d7dbbe48847b1b4629246f8f6a53f,953791907478522668,FINISHED,file:///home/fischer/repos/ai-efficiency-testbed/mlruns/953791907478522668/1a9d7dbbe48847b1b4629246f8f6a53f/artifacts,2025-03-12 15:37:58.801000+00:00,2025-03-12 15:39:54.588000+00:00,0.9099000096321106,1.1312955617904663,2.6847984790802,0.6746000051498413,0.737060010433197,0.1314255756366072,29502904.0,47.41529060807079,0.47341999411582947,0.0009483058121614158,7200312.0,/data/d1/fischer_diss/imagenet,Inference,8,0,Tensorflow 2.18.0,50000,NVIDIA GeForce RTX 4090,EfficientNetV2B0,ImageNet (ILSVRC 2012),0,fischer,conda,bouncy-mule-749,local,file:///home/fischer/repos/ai-efficiency-testbed#experiments/imagenet,PROJECT,main.py,https://github.com/raphischer/ai-efficiency-testbed.git,https://github.com/raphischer/ai-efficiency-testbed.git,ac6a444457d5d42ddf031ec8418611635fda981d
16a0521d819a4a15b65221b7c1ef696c,953791907478522668,FINISHED,file:///home/fischer/repos/ai-efficiency-testbed/mlruns/953791907478522668/16a0521d819a4a15b65221b7c1ef696c/artifacts,2025-03-12 15:22:35.851000+00:00,2025-03-12 15:37:55.567000+00:00,0.9621599912643433,0.8448386192321777,3.5796515941619873,0.5443599820137024,0.8252800107002258,2.745472824110722,268695632.0,443.41094055608846,0.3635199964046478,0.00886821881112177,66658687.0,/data/d1/fischer_diss/imagenet,Inference,8,0,Tensorflow 2.18.0,50000,NVIDIA GeForce RTX 4090,EfficientNetB7,ImageNet (ILSVRC 2012),0,fischer,conda,welcoming-bird-319,local,file:///home/fischer/repos/ai-efficiency-testbed#experiments/imagenet,PROJECT,main.py,https://github.com/raphischer/ai-efficiency-testbed.git,https://github.com/raphischer/ai-efficiency-testbed.git,ac6a444457d5d42ddf031ec8418611635fda981d
eef7a14dddda4e20861a0a0bcc073568,953791907478522668,FAILED,file:///home/fischer/repos/ai-efficiency-testbed/mlruns/953791907478522668/eef7a14dddda4e20861a0a0bcc073568/artifacts,2025-03-12 15:22:16.115000+00:00,2025-03-12 15:22:34.837000+00:00,,,,,,,,,,,,/data/d1/fischer_diss/imagenet,Inference,8,0,Tensorflow 2.18.0,,NVIDIA GeForce RTX 4090,EfficientNetB7,ImageNet (ILSVRC 2012),0,fischer,conda,nervous-gnu-582,local,file:///home/fischer/repos/ai-efficiency-testbed#experiments/imagenet,PROJECT,main.py,https://github.com/raphischer/ai-efficiency-testbed.git,https://github.com/raphischer/ai-efficiency-testbed.git,ac6a444457d5d42ddf031ec8418611635fda981d
0a603675cf9e431eb194eb3abda513a2,953791907478522668,FINISHED,file:///home/fischer/repos/ai-efficiency-testbed/mlruns/953791907478522668/0a603675cf9e431eb194eb3abda513a2/artifacts,2025-03-12 15:12:23.183000+00:00,2025-03-12 15:22:13.079000+00:00,0.9623600244522095,0.8237898945808411,3.3548803329467773,0.5843200087547302,0.824720025062561,1.6135404384988081,174762752.0,277.3758772162255,0.39329999685287476,0.00554751754432451,43265143.0,/data/d1/fischer_diss/imagenet,Inference,8,0,Tensorflow 2.18.0,50000,NVIDIA GeForce RTX 4090,EfficientNetB6,ImageNet (ILSVRC 2012),0,fischer,conda,omniscient-fish-703,local,file:///home/fischer/repos/ai-efficiency-testbed#experiments/imagenet,PROJECT,main.py,https://github.com/raphischer/ai-efficiency-testbed.git,https://github.com/raphischer/ai-efficiency-testbed.git,ac6a444457d5d42ddf031ec8418611635fda981d
deb6bfbc2e7c4d5ca778b4ae3dfaf861,953791907478522668,FINISHED,file:///home/fischer/repos/ai-efficiency-testbed/mlruns/953791907478522668/deb6bfbc2e7c4d5ca778b4ae3dfaf861/artifacts,2025-03-12 15:05:45.712000+00:00,2025-03-12 15:12:20.241000+00:00,0.9618200063705444,0.7940354943275452,3.189063549041748,0.60725998878479,0.8261399865150452,0.9267940706494607,123712712.0,180.87063584499992,0.40470001101493835,0.0036174127168999985,30562527.0,/data/d1/fischer_diss/imagenet,Inference,8,0,Tensorflow 2.18.0,50000,NVIDIA GeForce RTX 4090,EfficientNetB5,ImageNet (ILSVRC 2012),0,fischer,conda,rare-snail-172,local,file:///home/fischer/repos/ai-efficiency-testbed#experiments/imagenet,PROJECT,main.py,https://github.com/raphischer/ai-efficiency-testbed.git,https://github.com/raphischer/ai-efficiency-testbed.git,ac6a444457d5d42ddf031ec8418611635fda981d
07e21ff5064944f09896e38e5e1326b9,953791907478522668,FINISHED,file:///home/fischer/repos/ai-efficiency-testbed/mlruns/953791907478522668/07e21ff5064944f09896e38e5e1326b9/artifacts,2025-03-12 15:02:21.083000+00:00,2025-03-12 15:05:42.516000+00:00,0.958899974822998,0.8593498468399048,2.9425859451293945,0.6510199904441833,0.8209999799728394,0.4579789371180912,79077840.0,90.64663060498424,0.4449999928474426,0.0018129326120996847,19466823.0,/data/d1/fischer_diss/imagenet,Inference,16,0,Tensorflow 2.18.0,50000,NVIDIA GeForce RTX 4090,EfficientNetB4,ImageNet (ILSVRC 2012),0,fischer,conda,rogue-mink-22,local,file:///home/fischer/repos/ai-efficiency-testbed#experiments/imagenet,PROJECT,main.py,https://github.com/raphischer/ai-efficiency-testbed.git,https://github.com/raphischer/ai-efficiency-testbed.git,ac6a444457d5d42ddf031ec8418611635fda981d
33a551ce32224797804ff86ff8cab9fe,953791907478522668,FINISHED,file:///home/fischer/repos/ai-efficiency-testbed/mlruns/953791907478522668/33a551ce32224797804ff86ff8cab9fe/artifacts,2025-03-12 14:57:42.051000+00:00,2025-03-12 15:02:17.997000+00:00,0.9472000002861023,0.8845856785774231,2.7795345783233643,0.6735600233078003,0.8005599975585938,0.3141022146783048,50266000.0,97.20080746198072,0.4643999934196472,0.0019440161492396144,12320535.0,/data/d1/fischer_diss/imagenet,Inference,4,0,Tensorflow 2.18.0,50000,NVIDIA GeForce RTX 4090,EfficientNetB3,ImageNet (ILSVRC 2012),0,fischer,conda,sneaky-rook-630,local,file:///home/fischer/repos/ai-efficiency-testbed#experiments/imagenet,PROJECT,main.py,https://github.com/raphischer/ai-efficiency-testbed.git,https://github.com/raphischer/ai-efficiency-testbed.git,ac6a444457d5d42ddf031ec8418611635fda981d
8fce88f675794bc79c4d1b54f438a97e,953791907478522668,FAILED,file:///home/fischer/repos/ai-efficiency-testbed/mlruns/953791907478522668/8fce88f675794bc79c4d1b54f438a97e/artifacts,2025-03-12 14:57:29.603000+00:00,2025-03-12 14:57:41.048000+00:00,,,,,,,,,,,,/data/d1/fischer_diss/imagenet,,,0,,,,EfficientNetB3,,0,fischer,conda,kindly-wolf-140,local,file:///home/fischer/repos/ai-efficiency-testbed#experiments/imagenet,PROJECT,main.py,https://github.com/raphischer/ai-efficiency-testbed.git,https://github.com/raphischer/ai-efficiency-testbed.git,ac6a444457d5d42ddf031ec8418611635fda981d
5c8df9b0120e4e83b887525d3a5bac56,953791907478522668,FINISHED,file:///home/fischer/repos/ai-efficiency-testbed/mlruns/953791907478522668/5c8df9b0120e4e83b887525d3a5bac56/artifacts,2025-03-12 14:55:56.271000+00:00,2025-03-12 14:57:26.572000+00:00,0.9315599799156189,1.0038594007492065,2.995602607727051,0.6350399851799011,0.7709400057792664,0.1615241138773248,37585008.0,37.74616576684639,0.4327400028705597,0.0007549233153369278,9177569.0,/data/d1/fischer_diss/imagenet,Inference,16,0,Tensorflow 2.18.0,50000,NVIDIA GeForce RTX 4090,EfficientNetB2,ImageNet (ILSVRC 2012),0,fischer,conda,incongruous-hawk-661,local,file:///home/fischer/repos/ai-efficiency-testbed#experiments/imagenet,PROJECT,main.py,https://github.com/raphischer/ai-efficiency-testbed.git,https://github.com/raphischer/ai-efficiency-testbed.git,ac6a444457d5d42ddf031ec8418611635fda981d
091e789c9f5e4762b94e55ad2017a183,953791907478522668,FINISHED,file:///home/fischer/repos/ai-efficiency-testbed/mlruns/953791907478522668/091e789c9f5e4762b94e55ad2017a183/artifacts,2025-03-12 14:53:28.148000+00:00,2025-03-12 14:55:53.107000+00:00,0.9204000234603882,1.0617223978042603,3.1721413135528564,0.6039400100708008,0.7544000148773193,0.1662808288710024,32302712.0,60.91377798211761,0.4100399911403656,0.0012182755596423522,7856239.0,/data/d1/fischer_diss/imagenet,Inference,8,0,Tensorflow 2.18.0,50000,NVIDIA GeForce RTX 4090,EfficientNetB1,ImageNet (ILSVRC 2012),0,fischer,conda,whimsical-mouse-387,local,file:///home/fischer/repos/ai-efficiency-testbed#experiments/imagenet,PROJECT,main.py,https://github.com/raphischer/ai-efficiency-testbed.git,https://github.com/raphischer/ai-efficiency-testbed.git,ac6a444457d5d42ddf031ec8418611635fda981d
d3b682f23d3a4a98a5ba9d924e3742d4,953791907478522668,FINISHED,file:///home/fischer/repos/ai-efficiency-testbed/mlruns/953791907478522668/d3b682f23d3a4a98a5ba9d924e3742d4/artifacts,2025-03-12 14:51:37.865000+00:00,2025-03-12 14:53:25.095000+00:00,0.8942999839782715,1.271281123161316,2.886711835861206,0.6444200277328491,0.7142400145530701,0.1258452494975736,21941712.0,44.61757617699914,0.4374600052833557,0.0008923515235399827,5330571.0,/data/d1/fischer_diss/imagenet,Inference,8,0,Tensorflow 2.18.0,50000,NVIDIA GeForce RTX 4090,EfficientNetB0,ImageNet (ILSVRC 2012),0,fischer,conda,calm-mink-169,local,file:///home/fischer/repos/ai-efficiency-testbed#experiments/imagenet,PROJECT,main.py,https://github.com/raphischer/ai-efficiency-testbed.git,https://github.com/raphischer/ai-efficiency-testbed.git,ac6a444457d5d42ddf031ec8418611635fda981d
c782e3a333d04931ac96f65e3df26cc7,953791907478522668,RUNNING,file:///home/fischer/repos/ai-efficiency-testbed/mlruns/953791907478522668/c782e3a333d04931ac96f65e3df26cc7/artifacts,2025-03-12 09:51:37.368000+00:00,,,,,,,,,,,,,/data/d1/fischer_diss/imagenet,,,0,,,,EfficientNetB0,,0,fischer,conda,valuable-gnat-607,local,file:///home/fischer/repos/ai-efficiency-testbed#experiments/imagenet,PROJECT,main.py,https://github.com/raphischer/ai-efficiency-testbed.git,https://github.com/raphischer/ai-efficiency-testbed.git,ac6a444457d5d42ddf031ec8418611635fda981d
276a673d00ce4205a5afc7d238bdec3b,953791907478522668,FINISHED,file:///home/fischer/repos/ai-efficiency-testbed/mlruns/953791907478522668/276a673d00ce4205a5afc7d238bdec3b/artifacts,2025-03-12 09:50:56.184000+00:00,2025-03-12 09:51:35.053000+00:00,0.8375800251960754,1.6683030128479004,4.428135395050049,0.4293600022792816,0.6322000026702881,0.0780968100343824,10638648.0,13.395979695022106,0.25821998715400696,0.0002679195939004421,2554968.0,/data/d1/fischer_diss/imagenet,Inference,64,0,Tensorflow 2.18.0,50000,NVIDIA GeForce RTX 4090,MobileNetV3Small,ImageNet (ILSVRC 2012),0,fischer,conda,luminous-snail-605,local,file:///home/fischer/repos/ai-efficiency-testbed#experiments/imagenet,PROJECT,main.py,https://github.com/raphischer/ai-efficiency-testbed.git,https://github.com/raphischer/ai-efficiency-testbed.git,ac6a444457d5d42ddf031ec8418611635fda981d
f46054d241194b34a769a2b846a6dde1,953791907478522668,FINISHED,file:///home/fischer/repos/ai-efficiency-testbed/mlruns/953791907478522668/f46054d241194b34a769a2b846a6dde1/artifacts,2025-03-12 09:49:56.769000+00:00,2025-03-12 09:50:53.547000+00:00,0.8928599953651428,1.2822896242141724,4.007101058959961,0.5109000205993652,0.7101799845695496,0.0783297862969824,22537568.0,22.42511399788782,0.33621999621391296,0.0004485022799577564,5507432.0,/data/d1/fischer_diss/imagenet,Inference,16,0,Tensorflow 2.18.0,50000,NVIDIA GeForce RTX 4090,MobileNetV3Large,ImageNet (ILSVRC 2012),0,fischer,conda,secretive-sloth-749,local,file:///home/fischer/repos/ai-efficiency-testbed#experiments/imagenet,PROJECT,main.py,https://github.com/raphischer/ai-efficiency-testbed.git,https://github.com/raphischer/ai-efficiency-testbed.git,ac6a444457d5d42ddf031ec8418611635fda981d
96fcaa91018b4e44b8257f3fe64a1a39,953791907478522668,FINISHED,file:///home/fischer/repos/ai-efficiency-testbed/mlruns/953791907478522668/96fcaa91018b4e44b8257f3fe64a1a39/artifacts,2025-03-12 09:48:06.191000+00:00,2025-03-12 09:49:53.863000+00:00,0.826960027217865,1.7856677770614624,5.220414161682129,0.3642599880695343,0.6153600215911865,0.1202887444141728,14580536.0,32.45986899291165,0.21965999901294708,0.000649197379858233,3538984.0,/data/d1/fischer_diss/imagenet,Inference,4,0,Tensorflow 2.18.0,50000,NVIDIA GeForce RTX 4090,MobileNetV2,ImageNet (ILSVRC 2012),0,fischer,conda,painted-cod-147,local,file:///home/fischer/repos/ai-efficiency-testbed#experiments/imagenet,PROJECT,main.py,https://github.com/raphischer/ai-efficiency-testbed.git,https://github.com/raphischer/ai-efficiency-testbed.git,ac6a444457d5d42ddf031ec8418611635fda981d
7c3120d0f4a44d238376bd89e4f8a8c4,953791907478522668,FINISHED,file:///home/fischer/repos/ai-efficiency-testbed/mlruns/953791907478522668/7c3120d0f4a44d238376bd89e4f8a8c4/artifacts,2025-03-12 09:47:23.424000+00:00,2025-03-12 09:48:04.037000+00:00,0.8222399950027466,1.812105417251587,3.9507954120635986,0.5176399946212769,0.6127200126647949,0.0808968104571024,17257520.0,15.6755722919479,0.3297399878501892,0.00031351144583895797,4253864.0,/data/d1/fischer_diss/imagenet,Inference,16,0,Tensorflow 2.18.0,50000,NVIDIA GeForce RTX 4090,MobileNet,ImageNet (ILSVRC 2012),0,fischer,conda,welcoming-ray-912,local,file:///home/fischer/repos/ai-efficiency-testbed#experiments/imagenet,PROJECT,main.py,https://github.com/raphischer/ai-efficiency-testbed.git,https://github.com/raphischer/ai-efficiency-testbed.git,ac6a444457d5d42ddf031ec8418611635fda981d
e9766b5c528346b4ad6709ca74b5efc9,953791907478522668,FAILED,file:///home/fischer/repos/ai-efficiency-testbed/mlruns/953791907478522668/e9766b5c528346b4ad6709ca74b5efc9/artifacts,2025-03-12 09:47:10.321000+00:00,2025-03-12 09:47:22.446000+00:00,,,,,,,,,,,,/data/d1/fischer_diss/imagenet,Inference,16,0,Tensorflow 2.18.0,,NVIDIA GeForce RTX 4090,MobileNet,ImageNet (ILSVRC 2012),0,fischer,conda,gregarious-fly-937,local,file:///home/fischer/repos/ai-efficiency-testbed#experiments/imagenet,PROJECT,main.py,https://github.com/raphischer/ai-efficiency-testbed.git,https://github.com/raphischer/ai-efficiency-testbed.git,ac6a444457d5d42ddf031ec8418611635fda981d
9d211006409543cfb6a1055ec5eda1e0,953791907478522668,FINISHED,file:///home/fischer/repos/ai-efficiency-testbed/mlruns/953791907478522668/9d211006409543cfb6a1055ec5eda1e0/artifacts,2025-03-12 09:44:39.297000+00:00,2025-03-12 09:47:07.426000+00:00,0.9266800284385681,1.037963628768921,4.192477703094482,0.5402600169181824,0.7635200023651123,0.2483375775583032,96228712.0,66.28349741594866,0.3506599962711334,0.0013256699483189733,23851784.0,/data/d1/fischer_diss/imagenet,Inference,8,0,Tensorflow 2.18.0,50000,NVIDIA GeForce RTX 4090,InceptionV3,ImageNet (ILSVRC 2012),0,fischer,conda,blushing-ram-790,local,file:///home/fischer/repos/ai-efficiency-testbed#experiments/imagenet,PROJECT,main.py,https://github.com/raphischer/ai-efficiency-testbed.git,https://github.com/raphischer/ai-efficiency-testbed.git,ac6a444457d5d42ddf031ec8418611635fda981d
51ae46f582e64b3d87247752540ef9ab,953791907478522668,FAILED,file:///home/fischer/repos/ai-efficiency-testbed/mlruns/953791907478522668/51ae46f582e64b3d87247752540ef9ab/artifacts,2025-03-12 09:44:21.439000+00:00,2025-03-12 09:44:38.314000+00:00,,,,,,,,,,,,/data/d1/fischer_diss/imagenet,Inference,8,0,Tensorflow 2.18.0,,NVIDIA GeForce RTX 4090,InceptionV3,ImageNet (ILSVRC 2012),0,fischer,conda,agreeable-flea-347,local,file:///home/fischer/repos/ai-efficiency-testbed#experiments/imagenet,PROJECT,main.py,https://github.com/raphischer/ai-efficiency-testbed.git,https://github.com/raphischer/ai-efficiency-testbed.git,ac6a444457d5d42ddf031ec8418611635fda981d
81bc6e9a4325400786cd6f95c16f6ee9,953791907478522668,FINISHED,file:///home/fischer/repos/ai-efficiency-testbed/mlruns/953791907478522668/81bc6e9a4325400786cd6f95c16f6ee9/artifacts,2025-03-12 09:40:50.326000+00:00,2025-03-12 09:44:18.514000+00:00,0.9421799778938293,0.913835883140564,3.2048027515411377,0.6397200226783752,0.7886599898338318,0.4415566659751872,225462008.0,89.7370104000438,0.4494599997997284,0.001794740208000876,55873736.0,/data/d1/fischer_diss/imagenet,Inference,16,0,Tensorflow 2.18.0,50000,NVIDIA GeForce RTX 4090,InceptionResNetV2,ImageNet (ILSVRC 2012),0,fischer,conda,rogue-lark-589,local,file:///home/fischer/repos/ai-efficiency-testbed#experiments/imagenet,PROJECT,main.py,https://github.com/raphischer/ai-efficiency-testbed.git,https://github.com/raphischer/ai-efficiency-testbed.git,ac6a444457d5d42ddf031ec8418611635fda981d
47ef7b89b2064c66a1f44a5857aeb0e4,953791907478522668,FINISHED,file:///home/fischer/repos/ai-efficiency-testbed/mlruns/953791907478522668/47ef7b89b2064c66a1f44a5857aeb0e4/artifacts,2025-03-12 09:37:57.254000+00:00,2025-03-12 09:40:47.424000+00:00,0.8715800046920776,1.7385541200637817,3.126950263977051,0.6951799988746643,0.6782199740409851,0.3678467877167544,242968176.0,74.51530155679211,0.4764400124549866,0.0014903060311358422,60380648.0,/data/d1/fischer_diss/imagenet,Inference,16,0,Tensorflow 2.18.0,50000,NVIDIA GeForce RTX 4090,ResNet152V2,ImageNet (ILSVRC 2012),0,fischer,conda,sincere-whale-840,local,file:///home/fischer/repos/ai-efficiency-testbed#experiments/imagenet,PROJECT,main.py,https://github.com/raphischer/ai-efficiency-testbed.git,https://github.com/raphischer/ai-efficiency-testbed.git,ac6a444457d5d42ddf031ec8418611635fda981d
dd9371f6199648758f6015284b54b2fb,953791907478522668,FAILED,file:///home/fischer/repos/ai-efficiency-testbed/mlruns/953791907478522668/dd9371f6199648758f6015284b54b2fb/artifacts,2025-03-12 09:37:43.416000+00:00,2025-03-12 09:37:55.696000+00:00,,,,,,,,,,,,/data/d1/fischer_diss/imagenet,Inference,16,0,Tensorflow 2.18.0,,NVIDIA GeForce RTX 4090,ResNet152V2,ImageNet (ILSVRC 2012),0,fischer,conda,worried-shrimp-817,local,file:///home/fischer/repos/ai-efficiency-testbed#experiments/imagenet,PROJECT,main.py,https://github.com/raphischer/ai-efficiency-testbed.git,https://github.com/raphischer/ai-efficiency-testbed.git,ac6a444457d5d42ddf031ec8418611635fda981d
f94f84ee98664d15811dc4c9591c89ba,953791907478522668,FAILED,file:///home/fischer/repos/ai-efficiency-testbed/mlruns/953791907478522668/f94f84ee98664d15811dc4c9591c89ba/artifacts,2025-03-12 09:37:28.524000+00:00,2025-03-12 09:37:42.450000+00:00,,,,,,,,,,,,/data/d1/fischer_diss/imagenet,Inference,16,0,Tensorflow 2.18.0,,NVIDIA GeForce RTX 4090,ResNet152V2,ImageNet (ILSVRC 2012),0,fischer,conda,gifted-worm-742,local,file:///home/fischer/repos/ai-efficiency-testbed#experiments/imagenet,PROJECT,main.py,https://github.com/raphischer/ai-efficiency-testbed.git,https://github.com/raphischer/ai-efficiency-testbed.git,ac6a444457d5d42ddf031ec8418611635fda981d
5eea7fc3def7461da4010f0f29c8726b,953791907478522668,FAILED,file:///home/fischer/repos/ai-efficiency-testbed/mlruns/953791907478522668/5eea7fc3def7461da4010f0f29c8726b/artifacts,2025-03-12 09:37:14.159000+00:00,2025-03-12 09:37:27.527000+00:00,,,,,,,,,,,,/data/d1/fischer_diss/imagenet,Inference,16,0,Tensorflow 2.18.0,,NVIDIA GeForce RTX 4090,ResNet152V2,ImageNet (ILSVRC 2012),0,fischer,conda,puzzled-hen-631,local,file:///home/fischer/repos/ai-efficiency-testbed#experiments/imagenet,PROJECT,main.py,https://github.com/raphischer/ai-efficiency-testbed.git,https://github.com/raphischer/ai-efficiency-testbed.git,ac6a444457d5d42ddf031ec8418611635fda981d
b17b1d360a934ae89ba5c714faf61da7,953791907478522668,FAILED,file:///home/fischer/repos/ai-efficiency-testbed/mlruns/953791907478522668/b17b1d360a934ae89ba5c714faf61da7/artifacts,2025-03-12 09:36:56.147000+00:00,2025-03-12 09:37:13.196000+00:00,,,,,,,,,,,,/data/d1/fischer_diss/imagenet,Inference,16,0,Tensorflow 2.18.0,,NVIDIA GeForce RTX 4090,ResNet152V2,ImageNet (ILSVRC 2012),0,fischer,conda,gifted-fowl-779,local,file:///home/fischer/repos/ai-efficiency-testbed#experiments/imagenet,PROJECT,main.py,https://github.com/raphischer/ai-efficiency-testbed.git,https://github.com/raphischer/ai-efficiency-testbed.git,ac6a444457d5d42ddf031ec8418611635fda981d
4827a07da6b54e8fbe4b9d1977d9dd0e,953791907478522668,FINISHED,file:///home/fischer/repos/ai-efficiency-testbed/mlruns/953791907478522668/4827a07da6b54e8fbe4b9d1977d9dd0e/artifacts,2025-03-12 09:34:17.581000+00:00,2025-03-12 09:36:53.161000+00:00,0.8691800236701965,1.78788161277771,3.2314231395721436,0.7062600255012512,0.6725999712944031,0.3023296684684344,179675792.0,68.01599660515785,0.4782400131225586,0.001360319932103157,44675560.0,/data/d1/fischer_diss/imagenet,Inference,8,0,Tensorflow 2.18.0,50000,NVIDIA GeForce RTX 4090,ResNet101V2,ImageNet (ILSVRC 2012),0,fischer,conda,dashing-frog-64,local,file:///home/fischer/repos/ai-efficiency-testbed#experiments/imagenet,PROJECT,main.py,https://github.com/raphischer/ai-efficiency-testbed.git,https://github.com/raphischer/ai-efficiency-testbed.git,ac6a444457d5d42ddf031ec8418611635fda981d
b5c43e346d0c49adb2276f1581f5e8d0,953791907478522668,FAILED,file:///home/fischer/repos/ai-efficiency-testbed/mlruns/953791907478522668/b5c43e346d0c49adb2276f1581f5e8d0/artifacts,2025-03-12 09:34:04.463000+00:00,2025-03-12 09:34:16.564000+00:00,,,,,,,,,,,,/data/d1/fischer_diss/imagenet,Inference,8,0,Tensorflow 2.18.0,,NVIDIA GeForce RTX 4090,ResNet101V2,ImageNet (ILSVRC 2012),0,fischer,conda,debonair-hen-855,local,file:///home/fischer/repos/ai-efficiency-testbed#experiments/imagenet,PROJECT,main.py,https://github.com/raphischer/ai-efficiency-testbed.git,https://github.com/raphischer/ai-efficiency-testbed.git,ac6a444457d5d42ddf031ec8418611635fda981d
54256ff77f5146a1a1751e06b45a0069,953791907478522668,FAILED,file:///home/fischer/repos/ai-efficiency-testbed/mlruns/953791907478522668/54256ff77f5146a1a1751e06b45a0069/artifacts,2025-03-12 09:33:47.533000+00:00,2025-03-12 09:34:03.480000+00:00,,,,,,,,,,,,/data/d1/fischer_diss/imagenet,Inference,8,0,Tensorflow 2.18.0,,NVIDIA GeForce RTX 4090,ResNet101V2,ImageNet (ILSVRC 2012),0,fischer,conda,silent-owl-33,local,file:///home/fischer/repos/ai-efficiency-testbed#experiments/imagenet,PROJECT,main.py,https://github.com/raphischer/ai-efficiency-testbed.git,https://github.com/raphischer/ai-efficiency-testbed.git,ac6a444457d5d42ddf031ec8418611635fda981d
bff75953d23d4d709050699e9c11d732,953791907478522668,FINISHED,file:///home/fischer/repos/ai-efficiency-testbed/mlruns/953791907478522668/bff75953d23d4d709050699e9c11d732/artifacts,2025-03-12 09:31:56.361000+00:00,2025-03-12 09:33:44.592000+00:00,0.8552799820899963,1.8034727573394775,3.4219865798950195,0.6604200005531311,0.6512399911880493,0.17839189533753358,102951376.0,42.21642887708731,0.43413999676704407,0.0008443285775417462,25613800.0,/data/d1/fischer_diss/imagenet,Inference,8,0,Tensorflow 2.18.0,50000,NVIDIA GeForce RTX 4090,ResNet50V2,ImageNet (ILSVRC 2012),0,fischer,conda,upset-mink-743,local,file:///home/fischer/repos/ai-efficiency-testbed#experiments/imagenet,PROJECT,main.py,https://github.com/raphischer/ai-efficiency-testbed.git,https://github.com/raphischer/ai-efficiency-testbed.git,ac6a444457d5d42ddf031ec8418611635fda981d
fc3ac2e2c366410ea73178e760740e4f,953791907478522668,FINISHED,file:///home/fischer/repos/ai-efficiency-testbed/mlruns/953791907478522668/fc3ac2e2c366410ea73178e760740e4f/artifacts,2025-03-12 09:29:00.155000+00:00,2025-03-12 09:31:53.448000+00:00,0.8999000191688538,1.2308993339538574,3.3459441661834717,0.6429399847984314,0.7235599756240845,0.3921904770944184,243063416.0,78.17289944994263,0.4357999861240387,0.0015634579889988527,60419944.0,/data/d1/fischer_diss/imagenet,Inference,16,0,Tensorflow 2.18.0,50000,NVIDIA GeForce RTX 4090,ResNet152,ImageNet (ILSVRC 2012),0,fischer,conda,thoughtful-toad-878,local,file:///home/fischer/repos/ai-efficiency-testbed#experiments/imagenet,PROJECT,main.py,https://github.com/raphischer/ai-efficiency-testbed.git,https://github.com/raphischer/ai-efficiency-testbed.git,ac6a444457d5d42ddf031ec8418611635fda981d
60c629f98cd54dc191ba640ba906eac7,953791907478522668,FAILED,file:///home/fischer/repos/ai-efficiency-testbed/mlruns/953791907478522668/60c629f98cd54dc191ba640ba906eac7/artifacts,2025-03-12 09:28:57.747000+00:00,2025-03-12 09:28:59.193000+00:00,,,,,,,,,,,,/data/d1/fischer_diss/imagenet,,,0,,,,ResNet152,,0,fischer,conda,bustling-squid-259,local,file:///home/fischer/repos/ai-efficiency-testbed#experiments/imagenet,PROJECT,main.py,https://github.com/raphischer/ai-efficiency-testbed.git,https://github.com/raphischer/ai-efficiency-testbed.git,ac6a444457d5d42ddf031ec8418611635fda981d
a7029e89206a429aa006999b3db942c8,953791907478522668,FAILED,file:///home/fischer/repos/ai-efficiency-testbed/mlruns/953791907478522668/a7029e89206a429aa006999b3db942c8/artifacts,2025-03-12 09:28:39.532000+00:00,2025-03-12 09:28:56.793000+00:00,,,,,,,,,,,,/data/d1/fischer_diss/imagenet,Inference,16,0,Tensorflow 2.18.0,,NVIDIA GeForce RTX 4090,ResNet152,ImageNet (ILSVRC 2012),0,fischer,conda,calm-roo-366,local,file:///home/fischer/repos/ai-efficiency-testbed#experiments/imagenet,PROJECT,main.py,https://github.com/raphischer/ai-efficiency-testbed.git,https://github.com/raphischer/ai-efficiency-testbed.git,ac6a444457d5d42ddf031ec8418611635fda981d
22b6b941c2b645218ae2974d5ef30125,953791907478522668,FINISHED,file:///home/fischer/repos/ai-efficiency-testbed/mlruns/953791907478522668/22b6b941c2b645218ae2974d5ef30125/artifacts,2025-03-12 09:26:56.188000+00:00,2025-03-12 09:28:36.722000+00:00,0.8957399725914001,1.258349895477295,3.552769422531128,0.6118000149726868,0.7177000045776367,0.254973748771332,179766160.0,42.32380991615355,0.4128600060939789,0.000846476198323071,44707176.0,/data/d1/fischer_diss/imagenet,Inference,32,0,Tensorflow 2.18.0,50000,NVIDIA GeForce RTX 4090,ResNet101,ImageNet (ILSVRC 2012),0,fischer,conda,traveling-bass-63,local,file:///home/fischer/repos/ai-efficiency-testbed#experiments/imagenet,PROJECT,main.py,https://github.com/raphischer/ai-efficiency-testbed.git,https://github.com/raphischer/ai-efficiency-testbed.git,ac6a444457d5d42ddf031ec8418611635fda981d
b03e1dd6193242e2bcdf0cb3bb1d22ec,953791907478522668,FAILED,file:///home/fischer/repos/ai-efficiency-testbed/mlruns/953791907478522668/b03e1dd6193242e2bcdf0cb3bb1d22ec/artifacts,2025-03-12 09:26:44.013000+00:00,2025-03-12 09:26:55.171000+00:00,,,,,,,,,,,,/data/d1/fischer_diss/imagenet,Inference,32,0,Tensorflow 2.18.0,,NVIDIA GeForce RTX 4090,ResNet101,ImageNet (ILSVRC 2012),0,fischer,conda,orderly-mole-868,local,file:///home/fischer/repos/ai-efficiency-testbed#experiments/imagenet,PROJECT,main.py,https://github.com/raphischer/ai-efficiency-testbed.git,https://github.com/raphischer/ai-efficiency-testbed.git,ac6a444457d5d42ddf031ec8418611635fda981d
834cb03f7d324c19bb1b3fad2e5c60ea,953791907478522668,FAILED,file:///home/fischer/repos/ai-efficiency-testbed/mlruns/953791907478522668/834cb03f7d324c19bb1b3fad2e5c60ea/artifacts,2025-03-12 09:26:26.104000+00:00,2025-03-12 09:26:42.991000+00:00,,,,,,,,,,,,/data/d1/fischer_diss/imagenet,Inference,32,0,Tensorflow 2.18.0,,NVIDIA GeForce RTX 4090,ResNet101,ImageNet (ILSVRC 2012),0,fischer,conda,powerful-shad-839,local,file:///home/fischer/repos/ai-efficiency-testbed#experiments/imagenet,PROJECT,main.py,https://github.com/raphischer/ai-efficiency-testbed.git,https://github.com/raphischer/ai-efficiency-testbed.git,ac6a444457d5d42ddf031ec8418611635fda981d
008257579f1d45908362123453312d4c,953791907478522668,FINISHED,file:///home/fischer/repos/ai-efficiency-testbed/mlruns/953791907478522668/008257579f1d45908362123453312d4c/artifacts,2025-03-12 09:25:15.279000+00:00,2025-03-12 09:26:23.330000+00:00,0.8853800296783447,1.325587511062622,4.509590148925781,0.5383399724960327,0.7006199955940247,0.1666189809414,103028176.0,26.18103085993789,0.35120001435279846,0.0005236206171987578,25636712.0,/data/d1/fischer_diss/imagenet,Inference,32,0,Tensorflow 2.18.0,50000,NVIDIA GeForce RTX 4090,ResNet50,ImageNet (ILSVRC 2012),0,fischer,conda,unique-kit-345,local,file:///home/fischer/repos/ai-efficiency-testbed#experiments/imagenet,PROJECT,main.py,https://github.com/raphischer/ai-efficiency-testbed.git,https://github.com/raphischer/ai-efficiency-testbed.git,ac6a444457d5d42ddf031ec8418611635fda981d
c0ac2cfce81a4d72835ee2a2ce24f8e0,953791907478522668,FINISHED,file:///home/fischer/repos/ai-efficiency-testbed/mlruns/953791907478522668/c0ac2cfce81a4d72835ee2a2ce24f8e0/artifacts,2025-03-12 09:22:34.496000+00:00,2025-03-12 09:25:12.516000+00:00,0.8999599814414978,1.174911379814148,3.060640335083008,0.6438599824905396,0.7253199815750122,0.2218262645598624,82794688.0,70.88800475304015,0.4332999885082245,0.001417760095060803,20242984.0,/data/d1/fischer_diss/imagenet,Inference,16,0,Tensorflow 2.18.0,50000,NVIDIA GeForce RTX 4090,DenseNet201,ImageNet (ILSVRC 2012),0,fischer,conda,righteous-finch-3,local,file:///home/fischer/repos/ai-efficiency-testbed#experiments/imagenet,PROJECT,main.py,https://github.com/raphischer/ai-efficiency-testbed.git,https://github.com/raphischer/ai-efficiency-testbed.git,ac6a444457d5d42ddf031ec8418611635fda981d
62d077fee6b541c6bdee626b35594b1e,953791907478522668,FAILED,file:///home/fischer/repos/ai-efficiency-testbed/mlruns/953791907478522668/62d077fee6b541c6bdee626b35594b1e/artifacts,2025-03-12 09:22:15.648000+00:00,2025-03-12 09:22:33.559000+00:00,,,,,,,,,,,,/data/d1/fischer_diss/imagenet,Inference,16,0,Tensorflow 2.18.0,,NVIDIA GeForce RTX 4090,DenseNet201,ImageNet (ILSVRC 2012),0,fischer,conda,luminous-robin-11,local,file:///home/fischer/repos/ai-efficiency-testbed#experiments/imagenet,PROJECT,main.py,https://github.com/raphischer/ai-efficiency-testbed.git,https://github.com/raphischer/ai-efficiency-testbed.git,ac6a444457d5d42ddf031ec8418611635fda981d
56c83e2a4ea9447ebd5400e5a123c4e2,953791907478522668,FAILED,file:///home/fischer/repos/ai-efficiency-testbed/mlruns/953791907478522668/56c83e2a4ea9447ebd5400e5a123c4e2/artifacts,2025-03-12 09:21:53.570000+00:00,2025-03-12 09:22:14.676000+00:00,,,,,,,,,,,,/data/d1/fischer_diss/imagenet,Inference,16,0,Tensorflow 2.18.0,,NVIDIA GeForce RTX 4090,DenseNet201,ImageNet (ILSVRC 2012),0,fischer,conda,righteous-shoat-165,local,file:///home/fischer/repos/ai-efficiency-testbed#experiments/imagenet,PROJECT,main.py,https://github.com/raphischer/ai-efficiency-testbed.git,https://github.com/raphischer/ai-efficiency-testbed.git,ac6a444457d5d42ddf031ec8418611635fda981d
25e8be097f014fb7a40700c8f4131752,953791907478522668,FINISHED,file:///home/fischer/repos/ai-efficiency-testbed/mlruns/953791907478522668/25e8be097f014fb7a40700c8f4131752/artifacts,2025-03-12 09:19:38.928000+00:00,2025-03-12 09:21:50.901000+00:00,0.8955000042915344,1.2583214044570923,2.9856412410736084,0.6636599898338318,0.7128199934959412,0.18642310184356561,58760664.0,61.267227965872735,0.4483799934387207,0.0012253445593174547,14307880.0,/data/d1/fischer_diss/imagenet,Inference,16,0,Tensorflow 2.18.0,50000,NVIDIA GeForce RTX 4090,DenseNet169,ImageNet (ILSVRC 2012),0,fischer,conda,suave-crab-750,local,file:///home/fischer/repos/ai-efficiency-testbed#experiments/imagenet,PROJECT,main.py,https://github.com/raphischer/ai-efficiency-testbed.git,https://github.com/raphischer/ai-efficiency-testbed.git,ac6a444457d5d42ddf031ec8418611635fda981d
f36e174fc6d349738482c6a6bf1db030,953791907478522668,FAILED,file:///home/fischer/repos/ai-efficiency-testbed/mlruns/953791907478522668/f36e174fc6d349738482c6a6bf1db030/artifacts,2025-03-12 09:19:27.458000+00:00,2025-03-12 09:19:37.917000+00:00,,,,,,,,,,,,/data/d1/fischer_diss/imagenet,Inference,16,0,Tensorflow 2.18.0,,NVIDIA GeForce RTX 4090,DenseNet169,ImageNet (ILSVRC 2012),0,fischer,conda,clean-shrimp-166,local,file:///home/fischer/repos/ai-efficiency-testbed#experiments/imagenet,PROJECT,main.py,https://github.com/raphischer/ai-efficiency-testbed.git,https://github.com/raphischer/ai-efficiency-testbed.git,ac6a444457d5d42ddf031ec8418611635fda981d
590355247ef24a3f9b909bcdd6e0e9a3,953791907478522668,FAILED,file:///home/fischer/repos/ai-efficiency-testbed/mlruns/953791907478522668/590355247ef24a3f9b909bcdd6e0e9a3/artifacts,2025-03-12 09:19:11.416000+00:00,2025-03-12 09:19:26.494000+00:00,,,,,,,,,,,,/data/d1/fischer_diss/imagenet,Inference,16,0,Tensorflow 2.18.0,,NVIDIA GeForce RTX 4090,DenseNet169,ImageNet (ILSVRC 2012),0,fischer,conda,rare-mink-786,local,file:///home/fischer/repos/ai-efficiency-testbed#experiments/imagenet,PROJECT,main.py,https://github.com/raphischer/ai-efficiency-testbed.git,https://github.com/raphischer/ai-efficiency-testbed.git,ac6a444457d5d42ddf031ec8418611635fda981d
a9904f9ade224377a8a61d8a97a68341,953791907478522668,FINISHED,file:///home/fischer/repos/ai-efficiency-testbed/mlruns/953791907478522668/a9904f9ade224377a8a61d8a97a68341/artifacts,2025-03-12 09:17:35.566000+00:00,2025-03-12 09:19:08.231000+00:00,0.8825399875640869,1.3002773523330688,3.005586624145508,0.6302599906921387,0.6924999952316284,0.15646605900042962,33357624.0,40.60138033819385,0.41628000140190125,0.000812027606763877,8062504.0,/data/d1/fischer_diss/imagenet,Inference,16,0,Tensorflow 2.18.0,50000,NVIDIA GeForce RTX 4090,DenseNet121,ImageNet (ILSVRC 2012),0,fischer,conda,placid-turtle-459,local,file:///home/fischer/repos/ai-efficiency-testbed#experiments/imagenet,PROJECT,main.py,https://github.com/raphischer/ai-efficiency-testbed.git,https://github.com/raphischer/ai-efficiency-testbed.git,ac6a444457d5d42ddf031ec8418611635fda981d
fb6a3b15b454459ebcedf41f2bb2293c,953791907478522668,FAILED,file:///home/fischer/repos/ai-efficiency-testbed/mlruns/953791907478522668/fb6a3b15b454459ebcedf41f2bb2293c/artifacts,2025-03-12 09:17:17.589000+00:00,2025-03-12 09:17:34.173000+00:00,,,,,,,,,,,,/data/d1/fischer_diss/imagenet,Inference,16,0,Tensorflow 2.18.0,,NVIDIA GeForce RTX 4090,DenseNet121,ImageNet (ILSVRC 2012),0,fischer,conda,silent-whale-511,local,file:///home/fischer/repos/ai-efficiency-testbed#experiments/imagenet,PROJECT,main.py,https://github.com/raphischer/ai-efficiency-testbed.git,https://github.com/raphischer/ai-efficiency-testbed.git,ac6a444457d5d42ddf031ec8418611635fda981d

